Team,Metric,Count,Median,Mean,Std_Dev
Arsenal,Age,22,25.5,25.272727272727273,3.8195215130621523
Arsenal,Matches_Played,22,25.5,25.318181818181817,8.202127271317593
Arsenal,Starts,22,18.5,19.0,10.770329614269007
Arsenal,Minutes,22,1657.5,1698.909090909091,941.3754834633207
Arsenal,Goals,22,2.5,3.0454545454545454,2.902827402104184
Arsenal,Assists,22,2.0,2.5,2.939873661036668
Arsenal,Yellow_Cards,22,3.5,3.1818181818181817,1.9182423412211709
Arsenal,Red_Cards,22,0.0,0.2727272727272727,0.5504818825631804
Arsenal,xG,22,1.8499999999999999,2.8181818181818183,2.856177326033683
Arsenal,xAG,22,1.05,2.1181818181818177,2.360919184118633
Arsenal,Progressive_Carries,22,25.0,38.72727272727273,35.58515182352087
Arsenal,Progressive_Passes,22,60.0,82.95454545454545,65.22085356892948
Arsenal,Progressive_Passes_Received,22,52.5,81.86363636363636,83.645109414743
Arsenal,Goals_Per90,22,0.125,0.1745454545454546,0.15894674977510317
Arsenal,Assists_Per90,22,0.11,0.13136363636363638,0.13826459983343375
Arsenal,xG_Per90,22,0.11,0.15818181818181817,0.14361444295441955
Arsenal,xAG_Per90,22,0.095,0.12181818181818181,0.12331285661300936
Arsenal,GA90,1,0.89,0.89,0.0
Arsenal,Save_Pct,1,74.2,74.2,0.0
Arsenal,CS_Pct,1,34.2,34.2,0.0
Arsenal,PK_Save_Pct,1,0.0,0.0,0.0
Arsenal,SoT_Pct,21,33.3,30.042857142857148,15.09925731380757
Arsenal,SoT_Per90,22,0.31999999999999995,0.4295454545454546,0.3973660573700068
Arsenal,Goals_Per_Shot,21,0.15,0.1514285714285714,0.13112153577066257
Arsenal,Avg_Shot_Distance,21,15.1,14.857142857142858,4.909436976738924
Arsenal,Passes_Completed,22,566.0,775.5909090909091,576.0055108111801
Arsenal,Pass_Completion_Pct,22,83.6,82.64090909090909,6.269021271747905
Arsenal,Progressive_Passing_Distance,22,2397.0,3956.590909090909,4202.389282517528
Arsenal,Short_Pass_Pct,22,91.6,91.02272727272727,4.577578047310692
Arsenal,Medium_Pass_Pct,22,86.75,85.33181818181818,7.822214177075096
Arsenal,Long_Pass_Pct,22,53.599999999999994,55.527272727272724,9.977125352677009
Arsenal,Key_Passes,22,11.5,19.454545454545453,19.451349011186302
Arsenal,Passes_Into_Final_Third,22,44.5,63.5,55.20675424516202
Arsenal,Passes_Into_Penalty_Area,22,10.5,19.863636363636363,19.73224447095342
Arsenal,Crosses_Into_Penalty_Area,22,2.0,3.409090909090909,4.090163472214433
Arsenal,SCA,22,29.0,44.0,37.10730899637403
Arsenal,SCA90,22,2.23,2.478636363636363,1.4030690695232413
Arsenal,GCA,22,3.0,5.409090909090909,6.099641604686927
Arsenal,GCA90,22,0.25,0.28590909090909095,0.28491701533552827
Arsenal,Tackles,22,22.0,27.136363636363637,21.88127151904211
Arsenal,Tackles_Won,22,14.0,15.818181818181818,13.386689777665843
Arsenal,Challenges,22,22.0,23.363636363636363,16.00757396492124
Arsenal,Challenges_Lost,22,11.0,11.545454545454545,8.204106246713245
Arsenal,Blocks,22,12.5,14.909090909090908,11.372100743691789
Arsenal,Blocked_Shots,22,1.5,4.818181818181818,7.014518030731919
Arsenal,Blocked_Passes,22,8.0,10.090909090909092,8.152762259966401
Arsenal,Interceptions,22,6.5,10.227272727272727,8.922586738864135
Arsenal,Touches,22,875.5,1093.0,692.6976252305186
Arsenal,Touches_Def_Pen,22,29.0,83.77272727272727,185.78762371466277
Arsenal,Touches_Def_3rd,22,137.5,275.40909090909093,356.28769262131397
Arsenal,Touches_Mid_3rd,22,317.0,470.90909090909093,404.455649354008
Arsenal,Touches_Att_3rd,22,251.5,354.77272727272725,255.80180791985217
Arsenal,Touches_Att_Pen,22,39.0,58.18181818181818,54.69886075564433
Arsenal,Take_Ons_Attempted,22,25.5,33.0,31.193711209915676
Arsenal,Take_Ons_Success_Pct,22,45.45,48.713636363636375,21.177218115219173
Arsenal,Take_Ons_Tackled_Pct,22,40.55,38.809090909090905,17.511327193750336
Arsenal,Carries,22,509.0,646.9090909090909,424.92396060280277
Arsenal,Progressive_Carries_Distance,22,1496.0,1828.9545454545455,1203.7688228176867
Arsenal,Carries_Into_Final_Third,22,19.5,24.545454545454547,20.346351662497774
Arsenal,Carries_Into_Penalty_Area,22,5.5,13.0,16.905902040693476
Arsenal,Miscontrols,22,16.0,21.954545454545453,17.20873884515343
Arsenal,Dispossessed,22,13.5,17.363636363636363,15.161183062725412
Arsenal,Passes_Received,22,615.5,767.7727272727273,506.2705781184586
Arsenal,Fouls_Committed,22,15.0,18.181818181818183,12.08555361001746
Arsenal,Fouls_Drawn,22,17.0,18.363636363636363,13.506772391393156
Arsenal,Offsides,22,2.0,3.6363636363636362,3.7485928095684193
Arsenal,Crosses,22,13.0,34.81818181818182,45.028706572412396
Arsenal,Ball_Recoveries,22,54.0,65.27272727272727,43.70810300617345
Arsenal,Aerials_Won,22,12.5,21.40909090909091,20.129720010611866
Arsenal,Aerials_Lost,22,16.0,21.136363636363637,18.734474091378157
Arsenal,Aerials_Won_Pct,22,51.349999999999994,47.83636363636364,18.56285449761343
Aston Villa,Age,28,26.0,25.821428571428573,4.02817458362848
Aston Villa,Matches_Played,28,22.0,21.0,11.238162496435807
Aston Villa,Starts,28,11.0,14.928571428571429,12.563700125622262
Aston Villa,Minutes,28,1129.5,1339.392857142857,1020.8061207905183
Aston Villa,Goals,28,1.0,2.0,3.4210676262979227
Aston Villa,Assists,28,0.0,1.6071428571428572,2.698961195421589
Aston Villa,Yellow_Cards,28,2.0,2.7142857142857144,2.4014986502589935
Aston Villa,Red_Cards,28,0.0,0.14285714285714285,0.35634832254989923
Aston Villa,xG,28,0.8500000000000001,2.057142857142857,3.082859251412747
Aston Villa,xAG,28,0.55,1.5,2.0807762084447305
Aston Villa,Progressive_Carries,28,22.0,25.714285714285715,24.893636168569703
Aston Villa,Progressive_Passes,28,35.5,48.0,50.32413455310005
Aston Villa,Progressive_Passes_Received,28,22.5,47.535714285714285,55.69060173577874
Aston Villa,Goals_Per90,28,0.045,0.16285714285714284,0.26922188484672505
Aston Villa,Assists_Per90,28,0.0,0.08214285714285714,0.11425627927819702
Aston Villa,xG_Per90,28,0.08,0.18535714285714283,0.2321953542594738
Aston Villa,xAG_Per90,28,0.05,0.09107142857142857,0.10045597103409093
Aston Villa,GA90,2,1.83,1.83,0.7919595949289333
Aston Villa,Save_Pct,2,66.65,66.65,3.3234018715767752
Aston Villa,CS_Pct,2,60.8,60.8,55.43717164502532
Aston Villa,PK_Save_Pct,2,25.0,25.0,35.35533905932738
Aston Villa,SoT_Pct,25,27.8,29.791999999999998,21.835233759530336
Aston Villa,SoT_Per90,28,0.195,0.45035714285714284,0.6523262200421637
Aston Villa,Goals_Per_Shot,25,0.05,0.0772,0.07897890013583798
Aston Villa,Avg_Shot_Distance,25,17.0,16.86,4.455053310567676
Aston Villa,Passes_Completed,28,417.0,525.0357142857143,454.82585044476554
Aston Villa,Pass_Completion_Pct,28,81.80000000000001,80.57142857142857,7.727673079066636
Aston Villa,Progressive_Passing_Distance,28,1584.0,3149.3571428571427,3872.446898129912
Aston Villa,Short_Pass_Pct,28,91.35,89.85000000000001,5.604528592195846
Aston Villa,Medium_Pass_Pct,28,85.75,86.04285714285717,7.886670826120279
Aston Villa,Long_Pass_Pct,28,53.349999999999994,53.48214285714287,14.558109705626558
Aston Villa,Key_Passes,28,7.5,12.785714285714286,15.454490280862382
Aston Villa,Passes_Into_Final_Third,28,23.5,40.607142857142854,48.75664382892158
Aston Villa,Passes_Into_Penalty_Area,28,8.0,11.392857142857142,13.364794232150562
Aston Villa,Crosses_Into_Penalty_Area,28,0.0,2.0,3.9157800414902435
Aston Villa,SCA,28,21.0,30.321428571428573,31.179354008736556
Aston Villa,SCA90,28,1.81,2.067142857142857,1.3349819173219986
Aston Villa,GCA,28,2.5,3.642857142857143,4.191828786034631
Aston Villa,GCA90,28,0.18,0.21714285714285714,0.19181119464602264
Aston Villa,Tackles,28,10.5,22.75,21.945428951192817
Aston Villa,Tackles_Won,28,6.5,13.285714285714286,13.335714073167205
Aston Villa,Challenges,28,11.0,19.5,20.179747823553747
Aston Villa,Challenges_Lost,28,5.5,8.428571428571429,8.638537991138236
Aston Villa,Blocks,28,10.0,11.75,9.578622030334008
Aston Villa,Blocked_Shots,28,2.5,3.8214285714285716,4.455986995696924
Aston Villa,Blocked_Passes,28,6.0,7.928571428571429,6.688456453880053
Aston Villa,Interceptions,28,5.5,8.571428571428571,8.925322160088994
Aston Villa,Touches,28,684.5,774.9642857142857,609.6628990918674
Aston Villa,Touches_Def_Pen,28,31.5,94.5,206.91696312682927
Aston Villa,Touches_Def_3rd,28,138.0,260.75,321.40946827418804
Aston Villa,Touches_Mid_3rd,28,260.0,330.60714285714283,318.6424141498399
Aston Villa,Touches_Att_3rd,28,121.5,191.5,179.99907407169258
Aston Villa,Touches_Att_Pen,28,22.5,33.964285714285715,40.20178929393395
Aston Villa,Take_Ons_Attempted,28,18.0,25.928571428571427,31.343885423462638
Aston Villa,Take_Ons_Success_Pct,27,47.4,49.84074074074075,23.157774226434352
Aston Villa,Take_Ons_Tackled_Pct,27,40.0,39.68518518518518,21.741199876726494
Aston Villa,Carries,28,414.0,440.5,341.92835506871904
Aston Villa,Progressive_Carries_Distance,28,1173.0,1294.357142857143,1054.309787009552
Aston Villa,Carries_Into_Final_Third,28,13.5,16.0,14.129034985788294
Aston Villa,Carries_Into_Penalty_Area,28,2.0,7.571428571428571,10.938984215244835
Aston Villa,Miscontrols,28,9.5,18.142857142857142,23.72483350558492
Aston Villa,Dispossessed,28,8.0,13.785714285714286,16.663015473079433
Aston Villa,Passes_Received,28,506.5,515.1071428571429,409.72089319128
Aston Villa,Fouls_Committed,28,11.0,14.5,14.161763857498668
Aston Villa,Fouls_Drawn,28,10.0,17.821428571428573,18.893568514627702
Aston Villa,Offsides,28,1.0,1.9642857142857142,3.3052387469898714
Aston Villa,Crosses,28,4.5,21.571428571428573,35.11613385814073
Aston Villa,Ball_Recoveries,28,40.5,50.642857142857146,39.335418292871026
Aston Villa,Aerials_Won,28,10.0,13.5,13.20914385876244
Aston Villa,Aerials_Lost,28,9.5,15.107142857142858,16.056242090006926
Aston Villa,Aerials_Won_Pct,27,50.0,40.65555555555555,24.35759766689983
Bournemouth,Age,24,25.0,25.041666666666668,4.048393848629749
Bournemouth,Matches_Played,24,28.5,23.666666666666668,10.97691913166843
Bournemouth,Starts,24,19.5,17.375,12.873337798992013
Bournemouth,Minutes,24,1764.5,1558.25,1112.1033440405108
Bournemouth,Goals,24,1.0,2.375,3.70443330172869
Bournemouth,Assists,24,1.0,1.7083333333333333,2.01038968030247
Bournemouth,Yellow_Cards,24,3.0,4.041666666666667,3.209756413169706
Bournemouth,Red_Cards,24,0.0,0.125,0.3378319623460881
Bournemouth,xG,24,1.1,2.725,3.702320071663643
Bournemouth,xAG,24,1.05,1.8374999999999997,1.903729177852957
Bournemouth,Progressive_Carries,24,17.0,31.291666666666668,36.64456679184949
Bournemouth,Progressive_Passes,24,46.0,61.708333333333336,56.48815125213479
Bournemouth,Progressive_Passes_Received,24,27.5,61.125,77.58715295941607
Bournemouth,Goals_Per90,24,0.04,0.15583333333333335,0.21313226484706763
Bournemouth,Assists_Per90,24,0.05500000000000001,0.09375,0.10789739489944583
Bournemouth,xG_Per90,24,0.07500000000000001,0.2004166666666667,0.2262641620197347
Bournemouth,xAG_Per90,24,0.1,0.12916666666666668,0.1451510956889756
Bournemouth,GA90,3,1.0,1.0866666666666667,0.1501110699893027
Bournemouth,Save_Pct,3,80.0,79.5,5.367494760127851
Bournemouth,CS_Pct,3,20.0,15.266666666666666,13.535631988693153
Bournemouth,PK_Save_Pct,1,0.0,0.0,0.0
Bournemouth,SoT_Pct,21,29.8,25.966666666666665,16.16190995313776
Bournemouth,SoT_Per90,24,0.31,0.5770833333333333,0.6636950528581675
Bournemouth,Goals_Per_Shot,21,0.07,0.06523809523809525,0.062178697929359025
Bournemouth,Avg_Shot_Distance,21,16.3,15.70952380952381,4.312412870065291
Bournemouth,Passes_Completed,24,440.5,537.9166666666666,455.62579198157846
Bournemouth,Pass_Completion_Pct,24,75.55000000000001,74.47916666666667,6.579743563568327
Bournemouth,Progressive_Passing_Distance,24,2511.0,3597.6666666666665,3816.3804803785606
Bournemouth,Short_Pass_Pct,24,88.45,87.34583333333335,6.930648954285322
Bournemouth,Medium_Pass_Pct,24,79.55,81.0125,11.426906177203378
Bournemouth,Long_Pass_Pct,24,48.5,46.88333333333333,17.668804902048883
Bournemouth,Key_Passes,24,12.0,18.208333333333332,17.006339397711223
Bournemouth,Passes_Into_Final_Third,24,31.5,51.416666666666664,53.64854766595893
Bournemouth,Passes_Into_Penalty_Area,24,7.0,14.125,14.842103741662125
Bournemouth,Crosses_Into_Penalty_Area,24,2.0,4.416666666666667,6.296421804186238
Bournemouth,SCA,24,29.0,42.083333333333336,38.70278797582222
Bournemouth,SCA90,24,2.3600000000000003,2.6508333333333334,1.8855720309916488
Bournemouth,GCA,24,2.0,3.875,4.2253119257121385
Bournemouth,GCA90,24,0.185,0.20791666666666667,0.1994553271693486
Bournemouth,Tackles,24,23.5,28.625,24.590228706258245
Bournemouth,Tackles_Won,24,11.5,16.458333333333332,14.952036844426965
Bournemouth,Challenges,24,24.5,25.958333333333332,22.189851120582652
Bournemouth,Challenges_Lost,24,13.5,13.541666666666666,11.021635508188535
Bournemouth,Blocks,24,16.0,18.958333333333332,17.777560762564324
Bournemouth,Blocked_Shots,24,2.5,5.625,7.323651382010028
Bournemouth,Blocked_Passes,24,10.0,13.333333333333334,13.5539715555086
Bournemouth,Interceptions,24,9.5,14.5,16.178353761578546
Bournemouth,Touches,24,857.0,896.5,692.9225441374476
Bournemouth,Touches_Def_Pen,24,43.5,92.29166666666667,164.8149104606283
Bournemouth,Touches_Def_3rd,24,147.0,267.4583333333333,306.33371674448887
Bournemouth,Touches_Mid_3rd,24,286.5,385.9583333333333,354.71047338292146
Bournemouth,Touches_Att_3rd,24,144.5,254.20833333333334,260.389671064544
Bournemouth,Touches_Att_Pen,24,19.0,41.833333333333336,51.43562178496336
Bournemouth,Take_Ons_Attempted,24,17.0,27.916666666666668,34.08036112620806
Bournemouth,Take_Ons_Success_Pct,22,42.25,42.99090909090909,20.91162604619985
Bournemouth,Take_Ons_Tackled_Pct,22,44.8,44.82727272727273,21.83078171534474
Bournemouth,Carries,24,429.0,486.375,382.13175652885235
Bournemouth,Progressive_Carries_Distance,24,1281.0,1524.4583333333333,1421.9807672877407
Bournemouth,Carries_Into_Final_Third,24,18.0,22.25,21.97874467278112
Bournemouth,Carries_Into_Penalty_Area,24,2.0,9.458333333333334,16.29878407485787
Bournemouth,Miscontrols,24,18.5,24.791666666666668,22.608153909340004
Bournemouth,Dispossessed,24,7.5,14.583333333333334,18.079334026467336
Bournemouth,Passes_Received,24,444.5,533.0416666666666,417.1065424488367
Bournemouth,Fouls_Committed,24,18.0,21.875,19.552187690339434
Bournemouth,Fouls_Drawn,24,10.0,16.5,15.33963323636152
Bournemouth,Offsides,24,0.5,2.9166666666666665,5.452695118743667
Bournemouth,Crosses,24,10.0,34.541666666666664,44.66199548362915
Bournemouth,Ball_Recoveries,24,61.5,75.5,60.587701435335795
Bournemouth,Aerials_Won,24,17.0,23.833333333333332,22.6785987349243
Bournemouth,Aerials_Lost,24,20.0,25.208333333333332,21.707500540369566
Bournemouth,Aerials_Won_Pct,23,48.3,49.23913043478261,19.02858469705833
Brentford,Age,22,24.0,25.09090909090909,3.8285778897664677
Brentford,Matches_Played,22,27.5,24.545454545454547,12.666894506950644
Brentford,Starts,22,19.0,19.0,14.664502004760307
Brentford,Minutes,22,1681.5,1702.3636363636363,1238.9361621378293
Brentford,Goals,22,0.0,2.9545454545454546,5.907842025866755
Brentford,Assists,22,1.5,2.0,2.5634797778466227
Brentford,Yellow_Cards,22,2.0,2.8181818181818183,2.301890809465405
Brentford,Red_Cards,22,0.0,0.045454545454545456,0.2132007163556105
Brentford,xG,22,0.9,2.75,4.630103362005771
Brentford,xAG,22,1.2,1.9500000000000002,2.33681712714416
Brentford,Progressive_Carries,22,13.0,27.09090909090909,35.32692092429429
Brentford,Progressive_Passes,22,53.5,61.40909090909091,59.98385424897913
Brentford,Progressive_Passes_Received,22,27.5,60.72727272727273,84.37906636024623
Brentford,Goals_Per90,22,0.0,0.10818181818181817,0.19007858935153674
Brentford,Assists_Per90,22,0.08,0.08636363636363636,0.09052994529806696
Brentford,xG_Per90,22,0.065,0.11772727272727274,0.15961059214707876
Brentford,xAG_Per90,22,0.08,0.09363636363636364,0.08086116582469077
Brentford,GA90,2,1.375,1.375,0.19091883092036785
Brentford,Save_Pct,2,61.7,61.7,16.546298679765215
Brentford,CS_Pct,2,59.45,59.45,57.346359954229
Brentford,PK_Save_Pct,1,0.0,0.0,0.0
Brentford,SoT_Pct,18,34.3,30.77777777777778,17.911696985179514
Brentford,SoT_Per90,22,0.16,0.30454545454545456,0.38837545987806416
Brentford,Goals_Per_Shot,18,0.05,0.07722222222222222,0.08511622196637998
Brentford,Avg_Shot_Distance,18,15.350000000000001,15.783333333333331,4.335252214659014
Brentford,Passes_Completed,22,477.0,604.2272727272727,484.80756435814243
Brentford,Pass_Completion_Pct,22,76.8,76.54545454545456,7.899832865786422
Brentford,Progressive_Passing_Distance,22,2572.0,4224.0,5490.195330031962
Brentford,Short_Pass_Pct,22,87.75,86.46363636363637,8.102236343518605
Brentford,Medium_Pass_Pct,22,80.75,82.39090909090909,9.451777816691624
Brentford,Long_Pass_Pct,22,52.75,52.01363636363636,17.16150996394036
Brentford,Key_Passes,22,8.5,15.0,18.598515045690124
Brentford,Passes_Into_Final_Third,22,44.0,50.0,44.26973598079758
Brentford,Passes_Into_Penalty_Area,22,7.0,14.727272727272727,20.12622505749489
Brentford,Crosses_Into_Penalty_Area,22,2.0,4.136363636363637,5.938538015895307
Brentford,SCA,22,21.5,35.45454545454545,38.086027024953054
Brentford,SCA90,22,1.78,1.8872727272727274,1.1355308463579064
Brentford,GCA,22,2.0,5.136363636363637,6.1898184798791
Brentford,GCA90,22,0.20500000000000002,0.28454545454545455,0.2661314976209581
Brentford,Tackles,22,24.0,28.40909090909091,23.98344486735856
Brentford,Tackles_Won,22,15.0,16.954545454545453,13.761496571186866
Brentford,Challenges,22,25.5,26.90909090909091,23.32362197411333
Brentford,Challenges_Lost,22,10.5,12.772727272727273,11.807712645643013
Brentford,Blocks,22,18.0,21.727272727272727,20.19472306883261
Brentford,Blocked_Shots,22,4.0,9.045454545454545,13.88550896825029
Brentford,Blocked_Passes,22,12.0,12.681818181818182,10.580243779873811
Brentford,Interceptions,22,8.0,12.954545454545455,12.981588694056095
Brentford,Touches,22,904.0,971.8636363636364,731.4695772376609
Brentford,Touches_Def_Pen,22,51.0,149.0,305.9354117954902
Brentford,Touches_Def_3rd,22,240.0,377.04545454545456,447.0305707318362
Brentford,Touches_Mid_3rd,22,318.0,363.90909090909093,304.9255817238206
Brentford,Touches_Att_3rd,22,168.5,240.0909090909091,256.18332518705444
Brentford,Touches_Att_Pen,22,23.0,44.81818181818182,52.521774499123666
Brentford,Take_Ons_Attempted,22,14.0,28.40909090909091,36.06694713064408
Brentford,Take_Ons_Success_Pct,20,47.45,44.97500000000001,21.04678685315422
Brentford,Take_Ons_Tackled_Pct,20,42.599999999999994,44.86,15.89254707816148
Brentford,Carries,22,477.0,516.7272727272727,399.24430780665784
Brentford,Progressive_Carries_Distance,22,1229.0,1435.0454545454545,1254.3621591896522
Brentford,Carries_Into_Final_Third,22,11.5,17.227272727272727,20.79590577420702
Brentford,Carries_Into_Penalty_Area,22,1.0,9.590909090909092,18.972810347113377
Brentford,Miscontrols,22,14.0,24.681818181818183,28.812011985143183
Brentford,Dispossessed,22,7.5,13.409090909090908,15.060699695720492
Brentford,Passes_Received,22,571.0,595.0,452.0076906214676
Brentford,Fouls_Committed,22,10.5,14.272727272727273,12.111316306825723
Brentford,Fouls_Drawn,22,10.0,15.363636363636363,15.493609910280693
Brentford,Offsides,22,1.0,2.8636363636363638,4.400167253806594
Brentford,Crosses,22,12.0,30.636363636363637,50.200119004360424
Brentford,Ball_Recoveries,22,49.0,74.4090909090909,61.134246571754716
Brentford,Aerials_Won,22,11.0,28.136363636363637,33.81081181620748
Brentford,Aerials_Lost,22,12.5,25.363636363636363,27.163605649130456
Brentford,Aerials_Won_Pct,22,54.5,54.66363636363636,19.66249864116595
Brighton,Age,28,23.0,24.75,5.13250354043644
Brighton,Matches_Played,28,23.0,21.214285714285715,10.83327228310026
Brighton,Starts,28,11.5,14.928571428571429,10.721831557978886
Brighton,Minutes,28,1056.0,1339.642857142857,946.3533994305492
Brighton,Goals,28,1.0,2.2857142857142856,3.1723007523707563
Brighton,Assists,28,1.0,1.4642857142857142,1.710147120748146
Brighton,Yellow_Cards,28,2.0,2.7857142857142856,2.6297041497750113
Brighton,Red_Cards,28,0.0,0.10714285714285714,0.314970394174356
Brighton,xG,28,0.95,2.125,2.807875828213681
Brighton,xAG,28,1.05,1.4392857142857143,1.4722970930348027
Brighton,Progressive_Carries,28,20.5,29.071428571428573,32.50860691893031
Brighton,Progressive_Passes,28,47.5,54.607142857142854,52.604984474233916
Brighton,Progressive_Passes_Received,28,28.0,54.142857142857146,68.04231487652822
Brighton,Goals_Per90,28,0.095,0.1375,0.14584682477276045
Brighton,Assists_Per90,28,0.03,0.09214285714285712,0.12482156576659051
Brighton,xG_Per90,28,0.1,0.1357142857142857,0.12154647248499223
Brighton,xAG_Per90,28,0.08,0.10321428571428572,0.08009501632568435
Brighton,GA90,2,1.0550000000000002,1.0550000000000002,0.7848885271170678
Brighton,Save_Pct,2,70.35,70.35,6.5760930650348906
Brighton,CS_Pct,2,34.7,34.7,21.637467504308354
Brighton,PK_Save_Pct,1,0.0,0.0,0.0
Brighton,SoT_Pct,26,28.6,28.596153846153847,16.049111645676362
Brighton,SoT_Per90,28,0.36,0.4764285714285714,0.6453664723224191
Brighton,Goals_Per_Shot,26,0.07,0.09192307692307691,0.09269387167528308
Brighton,Avg_Shot_Distance,26,16.95,17.292307692307695,4.095160370673957
Brighton,Passes_Completed,28,382.5,563.0357142857143,517.0234239369344
Brighton,Pass_Completion_Pct,28,80.8,79.43928571428572,8.220585690845216
Brighton,Progressive_Passing_Distance,28,1661.0,3239.1785714285716,4173.804801675178
Brighton,Short_Pass_Pct,28,90.05000000000001,89.51071428571427,5.984135773224148
Brighton,Medium_Pass_Pct,28,82.1,81.45357142857142,10.571011449657174
Brighton,Long_Pass_Pct,28,54.900000000000006,54.27142857142856,14.865143348534746
Brighton,Key_Passes,28,11.5,13.357142857142858,11.015861579976681
Brighton,Passes_Into_Final_Third,28,25.0,42.285714285714285,51.77719871602082
Brighton,Passes_Into_Penalty_Area,28,9.0,12.071428571428571,11.459844777659178
Brighton,Crosses_Into_Penalty_Area,28,1.5,3.0714285714285716,3.867514958946114
Brighton,SCA,28,27.5,33.142857142857146,25.18776052814701
Brighton,SCA90,28,2.775,2.5100000000000002,1.2488216668346026
Brighton,GCA,28,3.5,4.035714285714286,3.4262834076325315
Brighton,GCA90,28,0.29000000000000004,0.30642857142857144,0.28162510259687157
Brighton,Tackles,28,17.0,25.107142857142858,22.291568387262956
Brighton,Tackles_Won,28,11.5,15.357142857142858,13.638763617567136
Brighton,Challenges,28,19.5,24.928571428571427,20.603718778735736
Brighton,Challenges_Lost,28,9.5,12.464285714285714,9.601242754657463
Brighton,Blocks,28,14.0,15.642857142857142,13.073054803861332
Brighton,Blocked_Shots,28,2.5,4.357142857142857,5.7684601303235405
Brighton,Blocked_Passes,28,10.0,11.285714285714286,10.416714285605444
Brighton,Interceptions,28,8.5,11.25,11.144256118936088
Brighton,Touches,28,771.0,842.7857142857143,663.8202209290447
Brighton,Touches_Def_Pen,28,25.0,92.71428571428571,210.92421969756452
Brighton,Touches_Def_3rd,28,124.5,267.32142857142856,349.09417742064204
Brighton,Touches_Mid_3rd,28,239.0,365.9642857142857,350.58485337787965
Brighton,Touches_Att_3rd,28,179.0,219.14285714285714,191.95325709675495
Brighton,Touches_Att_Pen,28,20.5,38.607142857142854,45.50729635084929
Brighton,Take_Ons_Attempted,28,14.0,28.428571428571427,33.50116479061649
Brighton,Take_Ons_Success_Pct,27,43.3,46.129629629629626,21.705029810813876
Brighton,Take_Ons_Tackled_Pct,27,46.7,45.72222222222223,20.906795607268524
Brighton,Carries,28,462.0,495.35714285714283,414.4582554403344
Brighton,Progressive_Carries_Distance,28,1244.5,1484.5357142857142,1512.4196576676302
Brighton,Carries_Into_Final_Third,28,19.0,20.464285714285715,19.984219965238765
Brighton,Carries_Into_Penalty_Area,28,3.0,9.357142857142858,16.704876834413056
Brighton,Miscontrols,28,13.0,20.785714285714285,20.157449028157092
Brighton,Dispossessed,28,7.0,12.285714285714286,13.176458083227361
Brighton,Passes_Received,28,522.0,556.4642857142857,453.20761999926344
Brighton,Fouls_Committed,28,12.0,15.642857142857142,13.075887579007246
Brighton,Fouls_Drawn,28,10.0,14.678571428571429,15.011239175607775
Brighton,Offsides,28,1.0,1.6428571428571428,2.0223617604046735
Brighton,Crosses,28,12.5,25.071428571428573,30.135408693808305
Brighton,Ball_Recoveries,28,46.5,57.857142857142854,47.98743221713004
Brighton,Aerials_Won,28,13.0,18.428571428571427,19.360954543786338
Brighton,Aerials_Lost,28,11.5,16.464285714285715,15.159600656464933
Brighton,Aerials_Won_Pct,27,53.8,49.944444444444436,20.247817229620146
Chelsea,Age,26,23.0,23.0,2.2978250586152114
Chelsea,Matches_Played,26,20.5,21.26923076923077,12.343606255248721
Chelsea,Starts,26,13.0,16.076923076923077,12.902474419809797
Chelsea,Minutes,26,1117.5,1441.6153846153845,1125.1496283400916
Chelsea,Goals,26,1.0,2.3461538461538463,3.6654310272305786
Chelsea,Assists,26,1.0,1.8076923076923077,2.2981597989562133
Chelsea,Yellow_Cards,26,2.5,3.8846153846153846,3.4097146282575967
Chelsea,Red_Cards,26,0.0,0.07692307692307693,0.271746488194703
Chelsea,xG,26,0.8,2.6653846153846152,4.277189947401664
Chelsea,xAG,26,1.05,2.0576923076923075,2.66085295751916
Chelsea,Progressive_Carries,26,11.5,33.11538461538461,44.21251128183236
Chelsea,Progressive_Passes,26,34.5,61.30769230769231,67.46718860647402
Chelsea,Progressive_Passes_Received,26,12.0,60.5,81.72160057169708
Chelsea,Goals_Per90,26,0.06,0.12615384615384614,0.15344254750431963
Chelsea,Assists_Per90,26,0.07,0.115,0.12646738710039043
Chelsea,xG_Per90,26,0.08,0.15115384615384614,0.17360476774736167
Chelsea,xAG_Per90,26,0.08,0.14,0.14680599442802053
Chelsea,GA90,2,1.28,1.28,0.31112698372208086
Chelsea,Save_Pct,2,73.9,73.9,3.5355339059327378
Chelsea,CS_Pct,2,24.0,24.0,10.323759005323595
Chelsea,PK_Save_Pct,2,10.0,10.0,14.142135623730951
Chelsea,SoT_Pct,23,28.8,29.4695652173913,21.742050475824044
Chelsea,SoT_Per90,26,0.25,0.4253846153846154,0.4614778934616978
Chelsea,Goals_Per_Shot,23,0.08,0.09434782608695652,0.11938577983527801
Chelsea,Avg_Shot_Distance,23,15.0,15.160869565217393,4.63099627318069
Chelsea,Passes_Completed,26,569.5,692.8846153846154,627.227826354863
Chelsea,Pass_Completion_Pct,26,84.45,83.82307692307693,6.663831191877998
Chelsea,Progressive_Passing_Distance,26,1973.0,3780.9615384615386,4076.790094971967
Chelsea,Short_Pass_Pct,26,92.1,91.00384615384613,5.682638877791253
Chelsea,Medium_Pass_Pct,26,90.7,88.57692307692308,7.246478189703336
Chelsea,Long_Pass_Pct,26,56.8,56.54230769230771,18.135582109806634
Chelsea,Key_Passes,26,6.5,17.53846153846154,23.07766152664653
Chelsea,Passes_Into_Final_Third,26,29.0,57.15384615384615,62.35170715077001
Chelsea,Passes_Into_Penalty_Area,26,4.0,13.307692307692308,17.95498645116555
Chelsea,Crosses_Into_Penalty_Area,26,0.0,2.8076923076923075,5.656990229931324
Chelsea,SCA,26,16.5,40.76923076923077,50.199846766545164
Chelsea,SCA90,26,1.6400000000000001,2.1946153846153846,1.5441275355856607
Chelsea,GCA,26,3.0,4.1923076923076925,4.707604322958596
Chelsea,GCA90,26,0.235,0.2330769230769231,0.20610228976446102
Chelsea,Tackles,26,12.5,22.576923076923077,26.315277808790967
Chelsea,Tackles_Won,26,8.5,14.23076923076923,16.733936039814882
Chelsea,Challenges,26,11.5,20.576923076923077,24.05522492419986
Chelsea,Challenges_Lost,26,5.5,10.115384615384615,12.643818799957307
Chelsea,Blocks,26,9.0,13.692307692307692,15.162504359819271
Chelsea,Blocked_Shots,26,1.5,3.9615384615384617,5.936199250232555
Chelsea,Blocked_Passes,26,5.5,9.73076923076923,11.297991652706042
Chelsea,Interceptions,26,8.0,10.461538461538462,11.734498776618521
Chelsea,Touches,26,853.5,968.6153846153846,825.9112338222833
Chelsea,Touches_Def_Pen,26,22.5,92.65384615384616,199.05977841998967
Chelsea,Touches_Def_3rd,26,127.5,290.7692307692308,362.7378455791243
Chelsea,Touches_Mid_3rd,26,293.0,437.03846153846155,442.66045504600754
Chelsea,Touches_Att_3rd,26,98.0,249.23076923076923,281.07227649731766
Chelsea,Touches_Att_Pen,26,13.0,42.73076923076923,54.74344358354355
Chelsea,Take_Ons_Attempted,26,15.0,30.076923076923077,36.87917903307836
Chelsea,Take_Ons_Success_Pct,24,45.2,45.10833333333333,18.505367415655538
Chelsea,Take_Ons_Tackled_Pct,24,40.95,41.079166666666666,21.251025124463517
Chelsea,Carries,26,456.0,556.9615384615385,449.8508624661494
Chelsea,Progressive_Carries_Distance,26,1069.0,1591.576923076923,1306.1903436506311
Chelsea,Carries_Into_Final_Third,26,10.5,18.923076923076923,21.243207059054107
Chelsea,Carries_Into_Penalty_Area,26,1.0,12.192307692307692,22.926001362242356
Chelsea,Miscontrols,26,6.5,17.846153846153847,21.60498517970759
Chelsea,Dispossessed,26,7.0,11.384615384615385,12.630366338557002
Chelsea,Passes_Received,26,590.5,687.2307692307693,574.4965314215436
Chelsea,Fouls_Committed,26,8.5,16.76923076923077,17.822026130174294
Chelsea,Fouls_Drawn,26,11.0,17.076923076923077,18.207521691703295
Chelsea,Offsides,26,1.0,2.5,4.666904755831214
Chelsea,Crosses,26,3.0,25.5,44.04111715204327
Chelsea,Ball_Recoveries,26,42.0,60.5,56.46963785964986
Chelsea,Aerials_Won,26,11.0,15.423076923076923,17.891166707452204
Chelsea,Aerials_Lost,26,10.0,14.961538461538462,15.583275058166098
Chelsea,Aerials_Won_Pct,25,42.1,46.488,24.718537578101177
Crystal Palace,Age,22,26.0,25.681818181818183,3.386054926513739
Crystal Palace,Matches_Played,22,31.0,25.136363636363637,12.06054351829593
Crystal Palace,Starts,22,19.0,18.863636363636363,14.119542197304837
Crystal Palace,Minutes,22,1743.0,1690.8636363636363,1183.0935757964833
Crystal Palace,Goals,22,1.0,2.1818181818181817,3.567530340063379
Crystal Palace,Assists,22,1.0,1.7272727272727273,2.2924683760984044
Crystal Palace,Yellow_Cards,22,2.0,3.5,3.446875742023838
Crystal Palace,Red_Cards,22,0.0,0.18181818181818182,0.3947710169758613
Crystal Palace,xG,22,1.1,2.759090909090909,3.920235548184159
Crystal Palace,xAG,22,1.3,2.1318181818181823,2.44528435655561
Crystal Palace,Progressive_Carries,22,12.0,22.727272727272727,24.6425528558916
Crystal Palace,Progressive_Passes,22,45.5,51.95454545454545,41.88132584512404
Crystal Palace,Progressive_Passes_Received,22,13.5,51.45454545454545,68.01171276767755
Crystal Palace,Goals_Per90,22,0.04,0.13636363636363635,0.1830572498153425
Crystal Palace,Assists_Per90,22,0.05,0.09818181818181819,0.14782990108120772
Crystal Palace,xG_Per90,22,0.09,0.15045454545454545,0.14878803308021377
Crystal Palace,xAG_Per90,22,0.11,0.11818181818181818,0.09027135619296828
Crystal Palace,GA90,1,1.34,1.34,0.0
Crystal Palace,Save_Pct,1,66.7,66.7,0.0
Crystal Palace,CS_Pct,1,28.9,28.9,0.0
Crystal Palace,PK_Save_Pct,1,50.0,50.0,0.0
Crystal Palace,SoT_Pct,22,36.8,34.2,23.81064187851026
Crystal Palace,SoT_Per90,22,0.34,0.5431818181818181,0.49936518142095615
Crystal Palace,Goals_Per_Shot,22,0.05,0.11136363636363635,0.21505913814677324
Crystal Palace,Avg_Shot_Distance,22,16.65,17.254545454545454,6.356828145330348
Crystal Palace,Passes_Completed,22,519.0,532.0454545454545,422.21484908501117
Crystal Palace,Pass_Completion_Pct,22,75.65,74.62272727272726,6.512546997778088
Crystal Palace,Progressive_Passing_Distance,22,2423.0,3589.3636363636365,3774.002164501544
Crystal Palace,Short_Pass_Pct,22,85.55000000000001,84.56363636363636,6.380442248782078
Crystal Palace,Medium_Pass_Pct,22,81.0,80.25454545454545,9.493492872826467
Crystal Palace,Long_Pass_Pct,22,47.5,51.39545454545455,16.297574381972638
Crystal Palace,Key_Passes,22,9.0,17.09090909090909,17.454455266722267
Crystal Palace,Passes_Into_Final_Third,22,27.5,39.45454545454545,33.55837454592374
Crystal Palace,Passes_Into_Penalty_Area,22,4.5,12.227272727272727,13.532788464923392
Crystal Palace,Crosses_Into_Penalty_Area,22,1.5,3.090909090909091,4.55557315310014
Crystal Palace,SCA,22,29.5,39.54545454545455,37.6888606414444
Crystal Palace,SCA90,22,2.29,2.4004545454545454,1.5934702390058628
Crystal Palace,GCA,22,3.0,4.045454545454546,3.8849805138602167
Crystal Palace,GCA90,22,0.175,0.26818181818181813,0.40822071951844363
Crystal Palace,Tackles,22,21.0,34.18181818181818,31.61319248974927
Crystal Palace,Tackles_Won,22,13.0,20.227272727272727,19.73136690213934
Crystal Palace,Challenges,22,24.0,28.90909090909091,23.474219071972577
Crystal Palace,Challenges_Lost,22,14.0,14.409090909090908,10.939918563765373
Crystal Palace,Blocks,22,19.0,22.0,19.444671200491875
Crystal Palace,Blocked_Shots,22,3.0,6.5,7.494442385305705
Crystal Palace,Blocked_Passes,22,12.5,15.5,13.869287755942727
Crystal Palace,Interceptions,22,11.0,15.045454545454545,15.57310646665093
Crystal Palace,Touches,22,904.5,914.0909090909091,674.8222982379393
Crystal Palace,Touches_Def_Pen,22,28.0,115.68181818181819,232.9924148292501
Crystal Palace,Touches_Def_3rd,22,198.5,344.72727272727275,392.71074800892785
Crystal Palace,Touches_Mid_3rd,22,380.5,377.54545454545456,290.5334547202582
Crystal Palace,Touches_Att_3rd,22,116.5,200.6818181818182,198.40012153501374
Crystal Palace,Touches_Att_Pen,22,17.5,35.81818181818182,39.19989840078715
Crystal Palace,Take_Ons_Attempted,22,11.5,22.59090909090909,31.436495459151402
Crystal Palace,Take_Ons_Success_Pct,21,37.5,40.352380952380955,23.197383883697295
Crystal Palace,Take_Ons_Tackled_Pct,21,47.8,50.438095238095244,25.68843078489763
Crystal Palace,Carries,22,457.5,459.90909090909093,340.12475429590313
Crystal Palace,Progressive_Carries_Distance,22,1063.0,1127.1818181818182,856.3781783859185
Crystal Palace,Carries_Into_Final_Third,22,10.0,15.954545454545455,15.462634755858188
Crystal Palace,Carries_Into_Penalty_Area,22,1.5,5.590909090909091,8.003922198695497
Crystal Palace,Miscontrols,22,16.0,22.181818181818183,22.156663758737437
Crystal Palace,Dispossessed,22,10.0,15.181818181818182,14.984551929797453
Crystal Palace,Passes_Received,22,559.5,526.9090909090909,381.46333645093216
Crystal Palace,Fouls_Committed,22,12.5,18.59090909090909,17.71375330857513
Crystal Palace,Fouls_Drawn,22,19.0,18.318181818181817,16.539667652664793
Crystal Palace,Offsides,22,1.0,3.3636363636363638,5.627698967695026
Crystal Palace,Crosses,22,9.5,27.227272727272727,34.38290247614332
Crystal Palace,Ball_Recoveries,22,62.0,76.13636363636364,58.94492623631256
Crystal Palace,Aerials_Won,22,15.0,22.90909090909091,23.241811852388324
Crystal Palace,Aerials_Lost,22,18.5,28.5,27.683156302292247
Crystal Palace,Aerials_Won_Pct,22,42.9,42.163636363636364,18.33603128515119
Everton,Age,22,25.5,26.727272727272727,4.9969687781391
Everton,Matches_Played,22,25.5,24.5,9.743129447388627
Everton,Starts,22,17.0,18.954545454545453,11.21426503430966
Everton,Minutes,22,1582.5,1700.2272727272727,960.5369000531089
Everton,Goals,22,1.0,1.7727272727272727,2.5058373409343195
Everton,Assists,22,1.0,1.2272727272727273,1.4778303975702638
Everton,Yellow_Cards,22,4.0,3.6363636363636362,2.3613042107609887
Everton,Red_Cards,22,0.0,0.09090909090909091,0.29424494316824984
Everton,xG,22,1.1,1.918181818181818,2.3400521694706202
Everton,xAG,22,1.2999999999999998,1.4863636363636359,1.3235218006175633
Everton,Progressive_Carries,22,15.0,22.045454545454547,22.239983883017615
Everton,Progressive_Passes,22,46.0,47.22727272727273,37.55622048302647
Everton,Progressive_Passes_Received,22,26.5,46.18181818181818,43.52080658789088
Everton,Goals_Per90,22,0.035,0.09863636363636362,0.13317712711328167
Everton,Assists_Per90,22,0.05,0.08227272727272728,0.11351239991765188
Everton,xG_Per90,22,0.045,0.11272727272727273,0.1267611859695162
Everton,xAG_Per90,22,0.07,0.0831818181818182,0.07624436676373846
Everton,GA90,1,1.16,1.16,0.0
Everton,Save_Pct,1,73.0,73.0,0.0
Everton,CS_Pct,1,31.6,31.6,0.0
Everton,PK_Save_Pct,1,100.0,100.0,0.0
Everton,SoT_Pct,21,35.7,32.95238095238095,22.234266775579066
Everton,SoT_Per90,22,0.265,0.38272727272727275,0.4091941187747288
Everton,Goals_Per_Shot,21,0.06,0.08523809523809524,0.10018078895771623
Everton,Avg_Shot_Distance,21,17.1,16.985714285714284,5.2208510526815175
Everton,Passes_Completed,22,449.0,517.2272727272727,363.7609015637792
Everton,Pass_Completion_Pct,22,75.05,75.18636363636364,7.957045123635224
Everton,Progressive_Passing_Distance,22,2325.0,3857.8636363636365,5348.636250711413
Everton,Short_Pass_Pct,22,87.1,85.66363636363636,7.670198697031783
Everton,Medium_Pass_Pct,22,83.0,80.64545454545456,11.84899944631562
Everton,Long_Pass_Pct,22,59.1,57.76818181818182,13.995794822991394
Everton,Key_Passes,22,12.5,13.5,10.857299497616909
Everton,Passes_Into_Final_Third,22,40.5,45.36363636363637,38.06328746724135
Everton,Passes_Into_Penalty_Area,22,8.0,11.863636363636363,10.973107623143543
Everton,Crosses_Into_Penalty_Area,22,2.0,4.181818181818182,5.989167710970354
Everton,SCA,22,29.5,32.36363636363637,21.424386315699426
Everton,SCA90,22,1.74,1.8918181818181823,1.1068128261068497
Everton,GCA,22,2.5,3.090909090909091,2.706413738635563
Everton,GCA90,22,0.12,0.19363636363636363,0.19399424278510494
Everton,Tackles,22,27.5,33.04545454545455,30.382446800629367
Everton,Tackles_Won,22,15.5,19.454545454545453,18.373706038605103
Everton,Challenges,22,24.0,29.545454545454547,24.572007443095686
Everton,Challenges_Lost,22,8.5,14.363636363636363,12.434764839890484
Everton,Blocks,22,14.5,17.772727272727273,14.523976295969621
Everton,Blocked_Shots,22,3.5,6.2727272727272725,9.452547241386808
Everton,Blocked_Passes,22,10.0,11.5,9.200155278192709
Everton,Interceptions,22,11.0,15.636363636363637,14.261321165490994
Everton,Touches,22,824.0,878.8181818181819,545.5508039162619
Everton,Touches_Def_Pen,22,34.0,111.54545454545455,238.59743487878478
Everton,Touches_Def_3rd,22,188.0,314.0,386.81864829228005
Everton,Touches_Mid_3rd,22,331.5,358.77272727272725,257.3537368826144
Everton,Touches_Att_3rd,22,199.5,215.5,155.25271257502962
Everton,Touches_Att_Pen,22,21.5,33.04545454545455,28.305270033834894
Everton,Take_Ons_Attempted,22,20.0,28.681818181818183,31.272057150778526
Everton,Take_Ons_Success_Pct,21,47.6,46.07142857142857,17.859063325301886
Everton,Take_Ons_Tackled_Pct,21,44.8,46.31904761904762,17.674999831615814
Everton,Carries,22,417.0,431.6363636363636,266.5128506603379
Everton,Progressive_Carries_Distance,22,874.0,1150.9545454545455,881.2771293911346
Everton,Carries_Into_Final_Third,22,13.0,16.454545454545453,12.40094955168957
Everton,Carries_Into_Penalty_Area,22,2.0,5.409090909090909,7.675930785247703
Everton,Miscontrols,22,15.0,23.636363636363637,22.274361632764837
Everton,Dispossessed,22,12.5,17.545454545454547,15.37384071580613
Everton,Passes_Received,22,495.5,512.1818181818181,295.66642020126676
Everton,Fouls_Committed,22,15.0,19.40909090909091,14.48696981332861
Everton,Fouls_Drawn,22,16.0,17.318181818181817,14.065785450742535
Everton,Offsides,22,1.0,3.590909090909091,6.478235289608774
Everton,Crosses,22,9.0,30.90909090909091,40.28459364134737
Everton,Ball_Recoveries,22,61.0,68.9090909090909,49.93129478727945
Everton,Aerials_Won,22,12.5,27.818181818181817,31.767962843145344
Everton,Aerials_Lost,22,18.0,25.318181818181817,25.5144895596439
Everton,Aerials_Won_Pct,22,49.85,48.79090909090908,19.842040723841386
Fulham,Age,23,27.0,27.08695652173913,3.895370719646368
Fulham,Matches_Played,23,29.0,25.695652173913043,10.381078865848787
Fulham,Starts,23,18.0,18.17391304347826,12.604660660078528
Fulham,Minutes,23,1772.0,1632.3478260869565,1057.4455330351386
Fulham,Goals,23,0.0,2.3043478260869565,3.495903870748992
Fulham,Assists,23,1.0,1.9130434782608696,2.62701080522159
Fulham,Yellow_Cards,23,3.0,3.4782608695652173,3.0876523181771396
Fulham,Red_Cards,23,0.0,0.08695652173913043,0.28810406552003043
Fulham,xG,23,1.0,2.1695652173913045,2.7870536385562663
Fulham,xAG,23,1.0,1.6347826086956523,1.8939157837790546
Fulham,Progressive_Carries,23,22.0,34.04347826086956,38.032854530200794
Fulham,Progressive_Passes,23,62.0,67.6086956521739,52.924250439519504
Fulham,Progressive_Passes_Received,23,33.0,66.73913043478261,75.77071717377147
Fulham,Goals_Per90,23,0.0,0.15130434782608695,0.22287999926226273
Fulham,Assists_Per90,23,0.08,0.09391304347826088,0.10907625066208511
Fulham,xG_Per90,23,0.11,0.14695652173913046,0.14236428250374572
Fulham,xAG_Per90,23,0.09,0.1073913043478261,0.08603473882441313
Fulham,GA90,1,1.42,1.42,0.0
Fulham,Save_Pct,1,67.9,67.9,0.0
Fulham,CS_Pct,1,13.2,13.2,0.0
Fulham,PK_Save_Pct,1,25.0,25.0,0.0
Fulham,SoT_Pct,22,31.549999999999997,29.422727272727272,18.620928620344976
Fulham,SoT_Per90,23,0.16,0.5182608695652174,0.578089739604132
Fulham,Goals_Per_Shot,22,0.025,0.06636363636363636,0.08510752048608891
Fulham,Avg_Shot_Distance,22,15.350000000000001,15.950000000000001,4.158840268747091
Fulham,Passes_Completed,23,663.0,703.7391304347826,547.3085565990013
Fulham,Pass_Completion_Pct,23,81.8,80.7,7.736806952366191
Fulham,Progressive_Passing_Distance,23,2429.0,4242.695652173913,4699.501689587395
Fulham,Short_Pass_Pct,23,91.1,89.0304347826087,6.402303192290093
Fulham,Medium_Pass_Pct,23,85.2,84.83478260869565,8.300580959714488
Fulham,Long_Pass_Pct,23,56.5,59.456521739130444,14.053948849375736
Fulham,Key_Passes,23,11.0,17.26086956521739,17.56084847635461
Fulham,Passes_Into_Final_Third,23,43.0,58.52173913043478,52.54078032193607
Fulham,Passes_Into_Penalty_Area,23,7.0,14.782608695652174,20.171889805864023
Fulham,Crosses_Into_Penalty_Area,23,2.0,4.695652173913044,7.789472981406588
Fulham,SCA,23,33.0,40.73913043478261,33.451752761938344
Fulham,SCA90,23,2.27,2.688695652173913,1.817549059855122
Fulham,GCA,23,3.0,4.304347826086956,4.3320662990047065
Fulham,GCA90,23,0.19,0.27260869565217394,0.30566198489811863
Fulham,Tackles,23,26.0,29.52173913043478,23.719707121481367
Fulham,Tackles_Won,23,13.0,17.869565217391305,15.175651394813896
Fulham,Challenges,23,20.0,24.52173913043478,21.637235509054946
Fulham,Challenges_Lost,23,9.0,11.956521739130435,11.91056925923574
Fulham,Blocks,23,15.0,16.52173913043478,12.73102711423549
Fulham,Blocked_Shots,23,2.0,4.913043478260869,6.734666378173195
Fulham,Blocked_Passes,23,11.0,11.608695652173912,8.942946079731234
Fulham,Interceptions,23,8.0,13.08695652173913,14.905499422812987
Fulham,Touches,23,999.0,1038.8695652173913,745.3699084315498
Fulham,Touches_Def_Pen,23,33.0,114.82608695652173,252.10561498451273
Fulham,Touches_Def_3rd,23,166.0,351.8695652173913,426.7867579469791
Fulham,Touches_Mid_3rd,23,381.0,425.0869565217391,346.9461463375807
Fulham,Touches_Att_3rd,23,217.0,272.4782608695652,239.8277543960584
Fulham,Touches_Att_Pen,23,32.0,41.08695652173913,40.19148829323562
Fulham,Take_Ons_Attempted,23,20.0,27.47826086956522,28.74949733191773
Fulham,Take_Ons_Success_Pct,22,45.6,44.5,18.286555040195385
Fulham,Take_Ons_Tackled_Pct,22,41.35,37.477272727272734,14.864336732377483
Fulham,Carries,23,547.0,608.7391304347826,452.35667920059643
Fulham,Progressive_Carries_Distance,23,1216.0,1667.0434782608695,1414.0437976456312
Fulham,Carries_Into_Final_Third,23,18.0,23.652173913043477,23.91577778115256
Fulham,Carries_Into_Penalty_Area,23,4.0,9.130434782608695,11.169375126275526
Fulham,Miscontrols,23,17.0,22.347826086956523,20.222868908180917
Fulham,Dispossessed,23,8.0,12.217391304347826,12.328667707048886
Fulham,Passes_Received,23,665.0,696.6086956521739,499.60873228506927
Fulham,Fouls_Committed,23,18.0,18.695652173913043,15.38427409168412
Fulham,Fouls_Drawn,23,16.0,15.521739130434783,11.793178171442982
Fulham,Offsides,23,1.0,1.8695652173913044,3.4019292364251594
Fulham,Crosses,23,16.0,38.82608695652174,52.29692514332597
Fulham,Ball_Recoveries,23,57.0,69.95652173913044,49.30653493556182
Fulham,Aerials_Won,23,13.0,23.17391304347826,25.277823866912282
Fulham,Aerials_Lost,23,22.0,23.08695652173913,22.32999011414971
Fulham,Aerials_Won_Pct,23,47.9,44.43043478260869,19.85951649101551
Ipswich Town,Age,30,25.5,25.533333333333335,3.1043166090454437
Ipswich Town,Matches_Played,30,18.5,19.766666666666666,9.978194617068358
Ipswich Town,Starts,30,12.0,13.933333333333334,10.42521258638232
Ipswich Town,Minutes,30,1081.0,1245.7666666666667,868.0861900372182
Ipswich Town,Goals,30,0.0,1.1666666666666667,2.3205726601992813
Ipswich Town,Assists,30,0.5,0.8666666666666667,1.0742546199601597
Ipswich Town,Yellow_Cards,30,2.0,3.1,2.844838035508501
Ipswich Town,Red_Cards,30,0.0,0.16666666666666666,0.3790490217894517
Ipswich Town,xG,30,0.7,1.166666666666667,1.7817723321676544
Ipswich Town,xAG,30,0.4,0.8066666666666666,1.1227838964649073
Ipswich Town,Progressive_Carries,30,10.5,17.1,21.627488894045673
Ipswich Town,Progressive_Passes,30,23.0,31.1,29.766157594339152
Ipswich Town,Progressive_Passes_Received,30,15.0,30.633333333333333,40.13639103179895
Ipswich Town,Goals_Per90,30,0.0,0.08566666666666668,0.13808251739157787
Ipswich Town,Assists_Per90,30,0.015,0.06266666666666668,0.09066548342703232
Ipswich Town,xG_Per90,30,0.045,0.09233333333333332,0.11306645386013373
Ipswich Town,xAG_Per90,30,0.04,0.05633333333333334,0.05720401079098137
Ipswich Town,GA90,3,2.31,2.2833333333333337,0.44060564378288813
Ipswich Town,Save_Pct,3,59.2,61.86666666666667,7.181457605064123
Ipswich Town,CS_Pct,3,5.6,6.633333333333333,7.205784713224046
Ipswich Town,PK_Save_Pct,3,0.0,0.0,0.0
Ipswich Town,SoT_Pct,24,20.55,27.8625,24.241588635343547
Ipswich Town,SoT_Per90,30,0.11,0.298,0.3982236418967578
Ipswich Town,Goals_Per_Shot,24,0.06,0.06541666666666666,0.06978097203372144
Ipswich Town,Avg_Shot_Distance,24,16.2,16.537499999999998,5.205666853660955
Ipswich Town,Passes_Completed,30,266.5,383.76666666666665,348.5584780832022
Ipswich Town,Pass_Completion_Pct,30,76.3,75.43666666666668,8.018490843188562
Ipswich Town,Progressive_Passing_Distance,30,1457.5,2596.3,2753.0545687691497
Ipswich Town,Short_Pass_Pct,30,87.94999999999999,87.27,7.290198899892926
Ipswich Town,Medium_Pass_Pct,30,83.3,81.86666666666669,10.740523757001455
Ipswich Town,Long_Pass_Pct,28,49.15,47.96071428571428,13.769836581125407
Ipswich Town,Key_Passes,30,5.0,9.433333333333334,12.810780302308792
Ipswich Town,Passes_Into_Final_Third,30,19.5,28.833333333333332,32.372916877019854
Ipswich Town,Passes_Into_Penalty_Area,30,4.0,5.7,7.017957262475388
Ipswich Town,Crosses_Into_Penalty_Area,30,0.5,1.8,3.5467323475034855
Ipswich Town,SCA,30,16.5,21.866666666666667,23.80485799932056
Ipswich Town,SCA90,30,1.29,1.551,1.2370469564304312
Ipswich Town,GCA,30,1.5,1.9333333333333333,2.0499509385774854
Ipswich Town,GCA90,30,0.10500000000000001,0.12966666666666665,0.13548083802244643
Ipswich Town,Tackles,30,13.5,19.6,17.69394987189026
Ipswich Town,Tackles_Won,30,8.5,11.333333333333334,10.306788299827996
Ipswich Town,Challenges,30,13.0,20.033333333333335,17.668369035307588
Ipswich Town,Challenges_Lost,30,7.5,10.666666666666666,10.069870845774275
Ipswich Town,Blocks,30,8.5,14.466666666666667,14.658723031681177
Ipswich Town,Blocked_Shots,30,2.0,6.133333333333334,10.247735942832591
Ipswich Town,Blocked_Passes,30,7.0,8.333333333333334,7.796256101193848
Ipswich Town,Interceptions,30,6.5,10.1,10.008100167640071
Ipswich Town,Touches,30,502.0,635.5333333333333,519.7121042119066
Ipswich Town,Touches_Def_Pen,30,28.5,100.23333333333333,142.84683944781517
Ipswich Town,Touches_Def_3rd,30,143.0,258.46666666666664,276.4089590510375
Ipswich Town,Touches_Mid_3rd,30,192.5,250.06666666666666,238.92271630762968
Ipswich Town,Touches_Att_3rd,30,111.0,133.96666666666667,138.7869822309773
Ipswich Town,Touches_Att_Pen,30,13.5,20.066666666666666,23.671506709228662
Ipswich Town,Take_Ons_Attempted,30,9.0,21.4,30.938871878325624
Ipswich Town,Take_Ons_Success_Pct,22,43.6,43.00909090909091,11.743241585853667
Ipswich Town,Take_Ons_Tackled_Pct,22,48.5,45.72272727272727,10.37464545891899
Ipswich Town,Carries,30,235.0,312.46666666666664,248.36371178844408
Ipswich Town,Progressive_Carries_Distance,30,723.0,871.0,723.4441569850862
Ipswich Town,Carries_Into_Final_Third,30,7.0,11.0,12.120088767172373
Ipswich Town,Carries_Into_Penalty_Area,30,1.5,5.0,8.634334029786608
Ipswich Town,Miscontrols,30,11.5,17.933333333333334,22.46673147096626
Ipswich Town,Dispossessed,30,5.5,11.566666666666666,15.082950715919303
Ipswich Town,Passes_Received,30,278.0,379.8333333333333,318.6284273454641
Ipswich Town,Fouls_Committed,30,9.0,14.333333333333334,15.777184166697335
Ipswich Town,Fouls_Drawn,30,9.0,13.466666666666667,13.027115840677736
Ipswich Town,Offsides,30,0.5,1.7,3.0642544235774207
Ipswich Town,Crosses,30,8.5,16.833333333333332,32.03563030744677
Ipswich Town,Ball_Recoveries,30,42.5,47.833333333333336,39.351714972341014
Ipswich Town,Aerials_Won,30,7.5,18.4,25.68992825589638
Ipswich Town,Aerials_Lost,30,16.0,17.766666666666666,19.5160116992094
Ipswich Town,Aerials_Won_Pct,30,50.7,52.35,26.484592137498645
Leicester City,Age,27,25.0,25.555555555555557,4.798504040390195
Leicester City,Matches_Played,27,23.0,21.296296296296298,10.384214406102604
Leicester City,Starts,27,14.0,15.481481481481481,10.746628703459912
Leicester City,Minutes,27,1391.0,1391.2222222222222,890.90974822772
Leicester City,Goals,27,0.0,1.2222222222222223,2.1543039806456377
Leicester City,Assists,27,0.0,0.9259259259259259,1.3846945213219115
Leicester City,Yellow_Cards,27,3.0,3.2222222222222223,2.70801280154532
Leicester City,Red_Cards,27,0.0,0.0,0.0
Leicester City,xG,27,0.4,1.2185185185185188,2.2260757187061504
Leicester City,xAG,27,0.4,0.9333333333333333,1.1938947254195469
Leicester City,Progressive_Carries,27,14.0,21.333333333333332,23.219686607571735
Leicester City,Progressive_Passes,27,32.0,40.03703703703704,36.88076576199148
Leicester City,Progressive_Passes_Received,27,19.0,39.55555555555556,42.3350494301874
Leicester City,Goals_Per90,27,0.0,0.06407407407407407,0.09712241519218687
Leicester City,Assists_Per90,27,0.0,0.05555555555555555,0.08491322871176442
Leicester City,xG_Per90,27,0.05,0.06925925925925926,0.0827380447290365
Leicester City,xAG_Per90,27,0.03,0.06481481481481481,0.08001780428660238
Leicester City,GA90,3,2.19,2.5966666666666667,1.250613182936008
Leicester City,Save_Pct,3,63.6,56.03333333333333,13.8925639582236
Leicester City,CS_Pct,3,3.7,7.8999999999999995,10.640958603434186
Leicester City,PK_Save_Pct,1,25.0,25.0,0.0
Leicester City,SoT_Pct,23,33.3,34.39130434782609,22.84765579866064
Leicester City,SoT_Per90,27,0.23,0.2974074074074074,0.29306854793575815
Leicester City,Goals_Per_Shot,23,0.07,0.07956521739130436,0.11561999909065611
Leicester City,Avg_Shot_Distance,23,17.0,17.682608695652174,5.861790928152887
Leicester City,Passes_Completed,27,437.0,516.0370370370371,402.5005954588506
Leicester City,Pass_Completion_Pct,27,77.4,77.34074074074076,9.117702952087608
Leicester City,Progressive_Passing_Distance,27,1757.0,3110.4444444444443,3056.6928248747904
Leicester City,Short_Pass_Pct,27,88.3,88.69259259259259,6.876264970390536
Leicester City,Medium_Pass_Pct,27,83.3,84.34074074074073,8.625867147457354
Leicester City,Long_Pass_Pct,27,53.4,52.99629629629629,20.63681328786164
Leicester City,Key_Passes,27,6.0,9.296296296296296,10.140606926210523
Leicester City,Passes_Into_Final_Third,27,25.0,35.25925925925926,32.824231893986486
Leicester City,Passes_Into_Penalty_Area,27,5.0,8.0,8.89252062561134
Leicester City,Crosses_Into_Penalty_Area,27,1.0,2.4814814814814814,4.003559669655247
Leicester City,SCA,27,16.0,21.59259259259259,20.48124706851322
Leicester City,SCA90,27,1.3,1.3474074074074078,0.962119425629578
Leicester City,GCA,27,1.0,2.074074074074074,2.644674269981465
Leicester City,GCA90,27,0.08,0.12111111111111111,0.144789856564963
Leicester City,Tackles,27,22.0,26.85185185185185,23.420411386559152
Leicester City,Tackles_Won,27,13.0,15.851851851851851,14.359943495988318
Leicester City,Challenges,27,18.0,25.666666666666668,23.151673805580447
Leicester City,Challenges_Lost,27,10.0,13.25925925925926,12.442460159261705
Leicester City,Blocks,27,19.0,18.703703703703702,14.978997642378157
Leicester City,Blocked_Shots,27,4.0,7.333333333333333,8.660254037844387
Leicester City,Blocked_Passes,27,9.0,11.37037037037037,9.30735089199825
Leicester City,Interceptions,27,9.0,12.11111111111111,12.644041872431256
Leicester City,Touches,27,798.0,804.2962962962963,565.1029051839084
Leicester City,Touches_Def_Pen,27,30.0,106.66666666666667,171.36196508246246
Leicester City,Touches_Def_3rd,27,141.0,298.6296296296296,302.2841439832789
Leicester City,Touches_Mid_3rd,27,327.0,364.037037037037,298.8762905234155
Leicester City,Touches_Att_3rd,27,109.0,149.40740740740742,140.29262255378913
Leicester City,Touches_Att_Pen,27,16.0,23.185185185185187,25.543382459345267
Leicester City,Take_Ons_Attempted,27,12.0,23.51851851851852,27.583956276695407
Leicester City,Take_Ons_Success_Pct,25,42.0,44.224000000000004,27.491821208012635
Leicester City,Take_Ons_Tackled_Pct,25,49.5,47.268,24.806177322056964
Leicester City,Carries,27,468.0,454.1111111111111,307.5040128985603
Leicester City,Progressive_Carries_Distance,27,1101.0,1126.4444444444443,788.7805746034792
Leicester City,Carries_Into_Final_Third,27,8.0,13.518518518518519,13.151105160843592
Leicester City,Carries_Into_Penalty_Area,27,3.0,5.2592592592592595,6.382624204658436
Leicester City,Miscontrols,27,13.0,18.25925925925926,17.26176876709513
Leicester City,Dispossessed,27,8.0,12.296296296296296,13.441654015710368
Leicester City,Passes_Received,27,484.0,511.44444444444446,357.0254605587387
Leicester City,Fouls_Committed,27,16.0,15.481481481481481,11.616865625097285
Leicester City,Fouls_Drawn,27,13.0,14.555555555555555,13.79334659378971
Leicester City,Offsides,27,1.0,2.3333333333333335,5.233031185136908
Leicester City,Crosses,27,10.0,23.0,28.62220762329086
Leicester City,Ball_Recoveries,27,45.0,54.7037037037037,39.711279946455456
Leicester City,Aerials_Won,27,13.0,18.59259259259259,18.6491065145002
Leicester City,Aerials_Lost,27,15.0,21.37037037037037,21.31295768405139
Leicester City,Aerials_Won_Pct,25,50.8,47.184,21.82648773088943
Liverpool,Age,22,25.0,26.045454545454547,3.60525110052483
Liverpool,Matches_Played,22,30.5,26.40909090909091,10.381572919218758
Liverpool,Starts,22,21.0,19.0,12.9320568835006
Liverpool,Minutes,22,1823.5,1704.4545454545455,1070.0106687172945
Liverpool,Goals,22,1.0,3.8636363636363638,6.664014624015385
Liverpool,Assists,22,2.0,2.9545454545454546,3.92157976825512
Liverpool,Yellow_Cards,22,2.5,3.0454545454545454,2.3999458868358383
Liverpool,Red_Cards,22,0.0,0.13636363636363635,0.3512500866571044
Liverpool,xG,22,1.75,3.822727272727273,5.780503505683633
Liverpool,xAG,22,1.35,2.8318181818181825,3.4235022952187375
Liverpool,Progressive_Carries,22,27.5,37.54545454545455,38.913490466157626
Liverpool,Progressive_Passes,22,64.0,87.45454545454545,73.05883296079314
Liverpool,Progressive_Passes_Received,22,49.0,86.81818181818181,120.71715716762071
Liverpool,Goals_Per90,22,0.06,0.16363636363636366,0.21907914322379254
Liverpool,Assists_Per90,22,0.135,0.14181818181818182,0.14204748916291754
Liverpool,xG_Per90,22,0.07500000000000001,0.19454545454545452,0.20986905833166938
Liverpool,xAG_Per90,22,0.14500000000000002,0.13545454545454547,0.10662472118993403
Liverpool,GA90,2,1.12,1.12,0.11313708498984755
Liverpool,Save_Pct,2,69.8,69.8,3.111269837220813
Liverpool,CS_Pct,2,36.05,36.05,5.586143571373725
Liverpool,PK_Save_Pct,2,50.0,50.0,70.71067811865476
Liverpool,SoT_Pct,19,32.8,31.726315789473688,14.757666260296457
Liverpool,SoT_Per90,22,0.355,0.5372727272727272,0.5000588709930806
Liverpool,Goals_Per_Shot,19,0.07,0.07368421052631581,0.06816732080499419
Liverpool,Avg_Shot_Distance,19,14.9,15.726315789473688,4.0742882275808014
Liverpool,Passes_Completed,22,643.0,831.6363636363636,674.8631286596138
Liverpool,Pass_Completion_Pct,22,83.94999999999999,83.09999999999998,7.472807848650808
Liverpool,Progressive_Passing_Distance,22,3129.0,4755.181818181818,4765.921323375583
Liverpool,Short_Pass_Pct,22,92.4,91.47727272727273,5.719884432580601
Liverpool,Medium_Pass_Pct,22,88.2,86.45909090909092,9.614208686002641
Liverpool,Long_Pass_Pct,22,60.25,61.37727272727273,17.284948911537427
Liverpool,Key_Passes,22,11.5,23.136363636363637,23.984708331898343
Liverpool,Passes_Into_Final_Third,22,35.5,71.86363636363636,75.67807473549387
Liverpool,Passes_Into_Penalty_Area,22,8.0,19.545454545454547,24.412579256891846
Liverpool,Crosses_Into_Penalty_Area,22,1.0,3.772727272727273,5.991516368855917
Liverpool,SCA,22,34.0,52.31818181818182,47.7327743685379
Liverpool,SCA90,22,2.765,2.711818181818181,1.5444420671236907
Liverpool,GCA,22,4.0,6.681818181818182,6.75691084415387
Liverpool,GCA90,22,0.345,0.3554545454545454,0.257084890051206
Liverpool,Tackles,22,24.5,29.181818181818183,24.678188487265167
Liverpool,Tackles_Won,22,17.0,17.772727272727273,15.058400023090478
Liverpool,Challenges,22,22.0,29.772727272727273,28.617230604058935
Liverpool,Challenges_Lost,22,10.0,14.318181818181818,14.518908405892684
Liverpool,Blocks,22,10.0,16.681818181818183,15.00281358893776
Liverpool,Blocked_Shots,22,2.5,4.409090909090909,4.876172297720444
Liverpool,Blocked_Passes,22,8.0,12.272727272727273,12.866278620530707
Liverpool,Interceptions,22,7.5,13.590909090909092,16.33476890943595
Liverpool,Touches,22,949.0,1176.9545454545455,871.2637497595213
Liverpool,Touches_Def_Pen,22,37.0,109.81818181818181,178.14591033185516
Liverpool,Touches_Def_3rd,22,208.5,330.6818181818182,352.3607980956906
Liverpool,Touches_Mid_3rd,22,313.0,526.1363636363636,495.39924211781863
Liverpool,Touches_Att_3rd,22,219.5,330.54545454545456,305.054831491734
Liverpool,Touches_Att_Pen,22,43.5,59.77272727272727,79.15863025968012
Liverpool,Take_Ons_Attempted,22,20.0,30.772727272727273,37.69796232737737
Liverpool,Take_Ons_Success_Pct,21,45.7,50.028571428571425,23.967981618341224
Liverpool,Take_Ons_Tackled_Pct,21,44.0,42.523809523809526,22.999932712116895
Liverpool,Carries,22,631.5,678.4545454545455,491.51357364125056
Liverpool,Progressive_Carries_Distance,22,1739.0,1866.0454545454545,1357.0726364836337
Liverpool,Carries_Into_Final_Third,22,22.5,25.363636363636363,22.150019788329235
Liverpool,Carries_Into_Penalty_Area,22,5.5,14.681818181818182,28.15329865412266
Liverpool,Miscontrols,22,16.0,24.181818181818183,26.993184966432445
Liverpool,Dispossessed,22,9.0,15.863636363636363,17.392651580605214
Liverpool,Passes_Received,22,647.5,823.0454545454545,610.1273463694926
Liverpool,Fouls_Committed,22,16.0,19.545454545454547,17.319758253914113
Liverpool,Fouls_Drawn,22,13.5,16.318181818181817,14.646261878478994
Liverpool,Offsides,22,1.0,2.727272727272727,4.702398761542253
Liverpool,Crosses,22,7.5,33.13636363636363,47.39328408776265
Liverpool,Ball_Recoveries,22,64.0,73.68181818181819,51.9508800637096
Liverpool,Aerials_Won,22,10.0,18.454545454545453,27.21646433201658
Liverpool,Aerials_Lost,22,13.5,16.727272727272727,13.645797602477924
Liverpool,Aerials_Won_Pct,22,40.95,48.300000000000004,24.106529445458587
Manchester City,Age,25,25.0,25.76,4.9267974723275705
Manchester City,Matches_Played,25,26.0,21.6,9.86154146165801
Manchester City,Starts,25,19.0,16.68,9.60780932366999
Manchester City,Minutes,25,1674.0,1498.6,853.5777644714042
Manchester City,Goals,25,1.0,2.84,4.588754369833568
Manchester City,Assists,25,0.0,2.04,2.6689573494781316
Manchester City,Yellow_Cards,25,2.0,2.36,1.7767010628315238
Manchester City,Red_Cards,25,0.0,0.08,0.27688746209726917
Manchester City,xG,25,1.4,2.792,4.419362699153202
Manchester City,xAG,25,1.5,2.1959999999999997,2.3751280667225783
Manchester City,Progressive_Carries,25,39.0,45.76,49.58685981857156
Manchester City,Progressive_Passes,25,64.0,77.48,67.18948330406081
Manchester City,Progressive_Passes_Received,25,32.0,76.68,84.77259777388761
Manchester City,Goals_Per90,25,0.12,0.17560000000000003,0.22289908030317218
Manchester City,Assists_Per90,25,0.0,0.09960000000000001,0.13538463723776045
Manchester City,xG_Per90,25,0.08,0.15999999999999998,0.19796885276898146
Manchester City,xAG_Per90,25,0.06,0.11879999999999999,0.12066896867049126
Manchester City,GA90,2,1.24,1.24,0.3252691193458118
Manchester City,Save_Pct,2,68.6,68.6,0.848528137423859
Manchester City,CS_Pct,2,31.75,31.75,9.545941546018392
Manchester City,PK_Save_Pct,2,0.0,0.0,0.0
Manchester City,SoT_Pct,22,32.15,32.13636363636363,19.653245108379515
Manchester City,SoT_Per90,25,0.33,0.45559999999999995,0.4609779459656033
Manchester City,Goals_Per_Shot,22,0.10500000000000001,0.13454545454545455,0.20728924518370745
Manchester City,Avg_Shot_Distance,22,17.65,16.98181818181818,4.914471958617185
Manchester City,Passes_Completed,25,692.0,857.88,650.9309564001392
Manchester City,Pass_Completion_Pct,25,87.7,86.47999999999998,6.679383704105241
Manchester City,Progressive_Passing_Distance,25,2950.0,3941.8,3654.1262407493987
Manchester City,Short_Pass_Pct,25,94.4,92.31199999999998,5.852586322871852
Manchester City,Medium_Pass_Pct,25,92.0,89.42400000000002,7.554815241508776
Manchester City,Long_Pass_Pct,25,63.6,59.132,12.243390053412496
Manchester City,Key_Passes,25,9.0,18.8,18.639116574201328
Manchester City,Passes_Into_Final_Third,25,42.0,67.28,71.91054628263275
Manchester City,Passes_Into_Penalty_Area,25,12.0,17.52,17.84217849180232
Manchester City,Crosses_Into_Penalty_Area,25,1.0,2.48,3.4895080837657715
Manchester City,SCA,25,37.0,43.68,37.33041655272547
Manchester City,SCA90,25,2.05,2.41,1.7716682345555936
Manchester City,GCA,25,3.0,5.0,4.7871355387816905
Manchester City,GCA90,25,0.26,0.2732,0.2314396969694986
Manchester City,Tackles,25,16.0,19.76,18.271745036166266
Manchester City,Tackles_Won,25,8.0,11.92,11.70797449034916
Manchester City,Challenges,25,15.0,17.92,16.610538823289268
Manchester City,Challenges_Lost,25,6.0,9.4,9.105858919765158
Manchester City,Blocks,25,12.0,13.2,10.315845416962523
Manchester City,Blocked_Shots,25,1.0,3.56,5.477834121864833
Manchester City,Blocked_Passes,25,9.0,9.64,7.626051840019622
Manchester City,Interceptions,25,6.0,9.12,9.959584998047527
Manchester City,Touches,25,975.0,1120.12,773.462524409985
Manchester City,Touches_Def_Pen,25,40.0,83.6,151.36930556313808
Manchester City,Touches_Def_3rd,25,197.0,259.4,267.2166723840412
Manchester City,Touches_Mid_3rd,25,331.0,481.12,429.86512613454306
Manchester City,Touches_Att_3rd,25,326.0,388.72,307.67901564238446
Manchester City,Touches_Att_Pen,25,26.0,53.88,57.0630645280582
Manchester City,Take_Ons_Attempted,25,21.0,31.8,44.0501608018253
Manchester City,Take_Ons_Success_Pct,23,45.9,48.03478260869565,26.388799426610255
Manchester City,Take_Ons_Tackled_Pct,23,35.4,37.243478260869566,23.53776126851483
Manchester City,Carries,25,654.0,720.84,514.1762570688512
Manchester City,Progressive_Carries_Distance,25,1782.0,2241.48,1759.4371287431672
Manchester City,Carries_Into_Final_Third,25,23.0,34.44,30.482344616734014
Manchester City,Carries_Into_Penalty_Area,25,3.0,16.16,26.273687724921043
Manchester City,Miscontrols,25,14.0,19.04,16.927492430953855
Manchester City,Dispossessed,25,15.0,15.72,15.320248039767502
Manchester City,Passes_Received,25,630.0,846.6,598.7715201421436
Manchester City,Fouls_Committed,25,12.0,11.44,8.699042092859036
Manchester City,Fouls_Drawn,25,13.0,15.16,12.505598746161658
Manchester City,Offsides,25,0.0,1.8,2.581988897471611
Manchester City,Crosses,25,8.0,26.36,36.50671171168392
Manchester City,Ball_Recoveries,25,46.0,57.04,38.136246974936235
Manchester City,Aerials_Won,25,6.0,12.36,15.673438252874403
Manchester City,Aerials_Lost,25,10.0,13.32,12.82809416865966
Manchester City,Aerials_Won_Pct,25,47.6,44.88,20.961651493461417
Manchester Utd,Age,30,24.0,24.233333333333334,5.117133716375249
Manchester Utd,Matches_Played,30,20.5,19.233333333333334,11.810817173204002
Manchester Utd,Starts,30,12.0,13.933333333333334,11.08255333872782
Manchester Utd,Minutes,30,1113.0,1248.6666666666667,956.9166840586934
Manchester Utd,Goals,30,0.0,1.4,2.3430013172027437
Manchester Utd,Assists,30,0.0,0.9666666666666667,2.1412747304501507
Manchester Utd,Yellow_Cards,30,2.5,2.8666666666666667,2.6357402066177933
Manchester Utd,Red_Cards,30,0.0,0.1,0.4025778999364487
Manchester Utd,xG,30,0.85,1.7833333333333334,2.4010175046157545
Manchester Utd,xAG,30,0.6499999999999999,1.326666666666667,1.8783582951762614
Manchester Utd,Progressive_Carries,30,11.0,23.233333333333334,33.48255678999742
Manchester Utd,Progressive_Passes,30,33.5,48.233333333333334,62.41666628301336
Manchester Utd,Progressive_Passes_Received,30,16.0,47.7,69.2482540549231
Manchester Utd,Goals_Per90,30,0.0,0.07233333333333333,0.11202473043879667
Manchester Utd,Assists_Per90,30,0.0,0.04200000000000001,0.08006032208537381
Manchester Utd,xG_Per90,30,0.07,0.13366666666666666,0.15797169832366925
Manchester Utd,xAG_Per90,30,0.065,0.08133333333333333,0.08127150466962187
Manchester Utd,GA90,2,1.895,1.895,0.8555992052357225
Manchester Utd,Save_Pct,2,55.050000000000004,55.050000000000004,19.58685783886737
Manchester Utd,CS_Pct,2,25.75,25.75,1.0606601717798212
Manchester Utd,PK_Save_Pct,1,25.0,25.0,0.0
Manchester Utd,SoT_Pct,25,28.0,27.243999999999996,17.378436830355792
Manchester Utd,SoT_Per90,30,0.20500000000000002,0.38266666666666665,0.4685556187008026
Manchester Utd,Goals_Per_Shot,25,0.0,0.048400000000000006,0.0666258208204597
Manchester Utd,Avg_Shot_Distance,25,16.1,16.004,5.236290035257151
Manchester Utd,Passes_Completed,30,381.0,560.9,484.59043140253664
Manchester Utd,Pass_Completion_Pct,30,82.94999999999999,82.38666666666668,7.159740571939131
Manchester Utd,Progressive_Passing_Distance,30,1387.0,2986.9666666666667,3453.173427875945
Manchester Utd,Short_Pass_Pct,30,90.95,90.59666666666666,4.731878925006382
Manchester Utd,Medium_Pass_Pct,30,87.1,85.27333333333334,9.060674152178413
Manchester Utd,Long_Pass_Pct,30,56.05,59.49,17.436769512569775
Manchester Utd,Key_Passes,30,8.5,13.533333333333333,18.99134709197365
Manchester Utd,Passes_Into_Final_Third,30,22.5,37.96666666666667,45.00151976999438
Manchester Utd,Passes_Into_Penalty_Area,30,5.0,11.166666666666666,16.80944589403136
Manchester Utd,Crosses_Into_Penalty_Area,30,1.0,2.433333333333333,3.0702502799624
Manchester Utd,SCA,30,21.0,31.266666666666666,40.080034872768
Manchester Utd,SCA90,30,1.92,2.164666666666667,1.4605424909313975
Manchester Utd,GCA,30,0.5,2.3333333333333335,4.146733931523769
Manchester Utd,GCA90,30,0.015,0.11466666666666667,0.19563747848637222
Manchester Utd,Tackles,30,14.5,27.233333333333334,30.156698041755323
Manchester Utd,Tackles_Won,30,8.5,16.433333333333334,18.55594213468416
Manchester Utd,Challenges,30,11.0,24.066666666666666,26.59651692691504
Manchester Utd,Challenges_Lost,30,6.0,10.733333333333333,12.958643323342502
Manchester Utd,Blocks,30,11.0,12.866666666666667,11.854675589544124
Manchester Utd,Blocked_Shots,30,2.0,3.566666666666667,4.79714953677295
Manchester Utd,Blocked_Passes,30,8.0,9.3,9.296458354181688
Manchester Utd,Interceptions,30,5.5,11.933333333333334,12.867851770804725
Manchester Utd,Touches,30,594.5,824.0,691.6998551793779
Manchester Utd,Touches_Def_Pen,30,26.0,85.06666666666666,190.0025287188048
Manchester Utd,Touches_Def_3rd,30,160.5,286.3333333333333,322.5250948090849
Manchester Utd,Touches_Mid_3rd,30,228.5,348.4,324.97178657379703
Manchester Utd,Touches_Att_3rd,30,104.5,196.83333333333334,236.8437697393955
Manchester Utd,Touches_Att_Pen,30,17.5,32.2,40.635808906889515
Manchester Utd,Take_Ons_Attempted,30,6.5,20.666666666666668,26.56070903360481
Manchester Utd,Take_Ons_Success_Pct,28,46.3,47.24285714285714,28.071198216538058
Manchester Utd,Take_Ons_Tackled_Pct,28,50.0,47.88928571428571,26.522015164006454
Manchester Utd,Carries,30,340.5,503.53333333333336,416.26183183625926
Manchester Utd,Progressive_Carries_Distance,30,789.5,1264.9333333333334,1155.1869510836862
Manchester Utd,Carries_Into_Final_Third,30,10.5,15.833333333333334,18.81137464652581
Manchester Utd,Carries_Into_Penalty_Area,30,1.0,7.666666666666667,16.781215551988442
Manchester Utd,Miscontrols,30,11.5,17.333333333333332,18.84113865314744
Manchester Utd,Dispossessed,30,4.5,11.733333333333333,14.74129394342426
Manchester Utd,Passes_Received,30,413.0,555.4333333333333,459.4547505642878
Manchester Utd,Fouls_Committed,30,9.0,13.433333333333334,12.291525909967497
Manchester Utd,Fouls_Drawn,30,7.0,12.366666666666667,12.54092152290565
Manchester Utd,Offsides,30,1.0,2.3,3.3748563187806666
Manchester Utd,Crosses,30,7.0,21.0,37.936425949120505
Manchester Utd,Ball_Recoveries,30,36.0,57.833333333333336,53.88242841552358
Manchester Utd,Aerials_Won,30,9.5,16.166666666666668,17.47132297328344
Manchester Utd,Aerials_Lost,30,11.0,16.266666666666666,19.328259342098093
Manchester Utd,Aerials_Won_Pct,29,50.0,49.41724137931034,20.910234489453742
Newcastle Utd,Age,23,26.0,26.565217391304348,4.775182880424787
Newcastle Utd,Matches_Played,23,28.0,25.17391304347826,10.696865190381047
Newcastle Utd,Starts,23,17.0,18.17391304347826,13.563494367110575
Newcastle Utd,Minutes,23,1755.0,1632.0,1131.2544123469952
Newcastle Utd,Goals,23,0.0,2.869565217391304,5.207550006970535
Newcastle Utd,Assists,23,1.0,2.1739130434782608,2.96421343105083
Newcastle Utd,Yellow_Cards,23,2.0,2.9565217391304346,3.3094665990096463
Newcastle Utd,Red_Cards,23,0.0,0.043478260869565216,0.20851441405707477
Newcastle Utd,xG,23,0.5,2.8260869565217392,4.531527676513072
Newcastle Utd,xAG,23,0.9,2.0217391304347827,2.3954419827017555
Newcastle Utd,Progressive_Carries,23,18.0,33.0,36.742346141747674
Newcastle Utd,Progressive_Passes,23,75.0,69.34782608695652,67.74323763342942
Newcastle Utd,Progressive_Passes_Received,23,22.0,68.78260869565217,77.43205615349564
Newcastle Utd,Goals_Per90,23,0.0,0.1426086956521739,0.2195908880230844
Newcastle Utd,Assists_Per90,23,0.03,0.1,0.12328828005937953
Newcastle Utd,xG_Per90,23,0.12,0.14304347826086955,0.1513705502343863
Newcastle Utd,xAG_Per90,23,0.1,0.10217391304347827,0.08511791402834981
Newcastle Utd,GA90,2,1.225,1.225,0.03535533905932741
Newcastle Utd,Save_Pct,2,71.2,71.2,0.7071067811865476
Newcastle Utd,CS_Pct,2,39.3,39.3,15.132085117392116
Newcastle Utd,PK_Save_Pct,1,50.0,50.0,0.0
Newcastle Utd,SoT_Pct,21,28.9,25.97142857142857,15.894028528260005
Newcastle Utd,SoT_Per90,23,0.34,0.3852173913043478,0.3840439080628127
Newcastle Utd,Goals_Per_Shot,21,0.04,0.07857142857142858,0.09732860392945716
Newcastle Utd,Avg_Shot_Distance,21,15.1,15.319047619047621,4.033809495702425
Newcastle Utd,Passes_Completed,23,519.0,669.6521739130435,566.9568372777317
Newcastle Utd,Pass_Completion_Pct,23,81.8,80.08260869565218,6.468079114453538
Newcastle Utd,Progressive_Passing_Distance,23,3082.0,3955.8695652173915,3814.399658523044
Newcastle Utd,Short_Pass_Pct,23,89.2,88.41739130434783,6.164167139341628
Newcastle Utd,Medium_Pass_Pct,23,86.7,85.7608695652174,9.713380608513694
Newcastle Utd,Long_Pass_Pct,22,52.65,51.1090909090909,15.578615046057424
Newcastle Utd,Key_Passes,23,9.0,17.347826086956523,17.478840963374115
Newcastle Utd,Passes_Into_Final_Third,23,28.0,49.95652173913044,52.86301186761321
Newcastle Utd,Passes_Into_Penalty_Area,23,9.0,17.304347826086957,20.748351046438486
Newcastle Utd,Crosses_Into_Penalty_Area,23,0.0,3.0,4.861724348043977
Newcastle Utd,SCA,23,37.0,40.78260869565217,38.27407919649957
Newcastle Utd,SCA90,23,2.43,2.175217391304348,1.3235519345005538
Newcastle Utd,GCA,23,4.0,5.0,5.58406824652226
Newcastle Utd,GCA90,23,0.23,0.2126086956521739,0.19957266599376206
Newcastle Utd,Tackles,23,27.0,26.217391304347824,23.067010133993072
Newcastle Utd,Tackles_Won,23,16.0,16.130434782608695,14.261532328183606
Newcastle Utd,Challenges,23,27.0,26.217391304347824,23.265183745321192
Newcastle Utd,Challenges_Lost,23,10.0,12.91304347826087,11.587269830913032
Newcastle Utd,Blocks,23,17.0,17.869565217391305,14.7009719772231
Newcastle Utd,Blocked_Shots,23,4.0,6.130434782608695,7.635469550519929
Newcastle Utd,Blocked_Passes,23,10.0,11.73913043478261,10.553833389318129
Newcastle Utd,Interceptions,23,6.0,11.695652173913043,12.668625463965894
Newcastle Utd,Touches,23,872.0,1000.6521739130435,789.8231452613387
Newcastle Utd,Touches_Def_Pen,23,34.0,99.30434782608695,160.5251140879969
Newcastle Utd,Touches_Def_3rd,23,132.0,324.5652173913044,368.09816206685423
Newcastle Utd,Touches_Mid_3rd,23,257.0,420.1304347826087,380.99753093304304
Newcastle Utd,Touches_Att_3rd,23,162.0,266.0,246.3205598033144
Newcastle Utd,Touches_Att_Pen,23,41.0,47.04347826086956,49.94494993205435
Newcastle Utd,Take_Ons_Attempted,23,8.0,28.565217391304348,32.86726208548634
Newcastle Utd,Take_Ons_Success_Pct,21,44.6,42.647619047619045,16.84620488560017
Newcastle Utd,Take_Ons_Tackled_Pct,21,45.6,45.81904761904762,16.331522251389153
Newcastle Utd,Carries,23,561.0,565.7391304347826,459.7012090271546
Newcastle Utd,Progressive_Carries_Distance,23,1708.0,1567.7826086956522,1258.771441327605
Newcastle Utd,Carries_Into_Final_Third,23,14.0,20.608695652173914,19.455635151041324
Newcastle Utd,Carries_Into_Penalty_Area,23,4.0,11.434782608695652,16.389647749713347
Newcastle Utd,Miscontrols,23,16.0,21.347826086956523,18.648930497367726
Newcastle Utd,Dispossessed,23,8.0,19.043478260869566,21.259176116913856
Newcastle Utd,Passes_Received,23,647.0,664.4347826086956,545.8511140734055
Newcastle Utd,Fouls_Committed,23,9.0,17.130434782608695,18.051200785609016
Newcastle Utd,Fouls_Drawn,23,12.0,19.565217391304348,26.003192263742125
Newcastle Utd,Offsides,23,2.0,3.0869565217391304,4.316069797631141
Newcastle Utd,Crosses,23,13.0,30.608695652173914,41.840323232754116
Newcastle Utd,Ball_Recoveries,23,55.0,70.8695652173913,62.61956152965308
Newcastle Utd,Aerials_Won,23,8.0,21.17391304347826,31.391446683789294
Newcastle Utd,Aerials_Lost,23,14.0,20.26086956521739,21.882366066402227
Newcastle Utd,Aerials_Won_Pct,23,50.0,49.6695652173913,23.592418558484738
Nott'ham Forest,Age,22,26.0,25.954545454545453,3.552025213435726
Nott'ham Forest,Matches_Played,22,32.5,26.5,11.915376220505607
Nott'ham Forest,Starts,22,20.5,19.0,14.438704598273022
Nott'ham Forest,Minutes,22,1939.0,1707.6818181818182,1204.8389889016246
Nott'ham Forest,Goals,22,1.0,2.590909090909091,4.447140235820799
Nott'ham Forest,Assists,22,1.0,1.9090909090909092,2.876987361295888
Nott'ham Forest,Yellow_Cards,22,3.5,4.090909090909091,3.462851713738547
Nott'ham Forest,Red_Cards,22,0.0,0.09090909090909091,0.29424494316824984
Nott'ham Forest,xG,22,1.45,2.122727272727273,3.024492372705561
Nott'ham Forest,xAG,22,1.2,1.5363636363636366,1.5840110192454182
Nott'ham Forest,Progressive_Carries,22,15.0,28.727272727272727,36.710167033621126
Nott'ham Forest,Progressive_Passes,22,38.0,51.13636363636363,48.071668177683215
Nott'ham Forest,Progressive_Passes_Received,22,18.5,50.72727272727273,65.38543730262428
Nott'ham Forest,Goals_Per90,22,0.06,0.11636363636363636,0.15472080706397617
Nott'ham Forest,Assists_Per90,22,0.05,0.08590909090909092,0.10549922549519773
Nott'ham Forest,xG_Per90,22,0.07,0.11181818181818183,0.13268783141667742
Nott'ham Forest,xAG_Per90,22,0.055,0.08318181818181819,0.08436803522641362
Nott'ham Forest,GA90,1,1.21,1.21,0.0
Nott'ham Forest,Save_Pct,1,73.9,73.9,0.0
Nott'ham Forest,CS_Pct,1,34.2,34.2,0.0
Nott'ham Forest,PK_Save_Pct,1,0.0,0.0,0.0
Nott'ham Forest,SoT_Pct,20,37.2,38.815000000000005,26.219263207761863
Nott'ham Forest,SoT_Per90,22,0.235,0.4168181818181818,0.403784317293001
Nott'ham Forest,Goals_Per_Shot,20,0.07,0.077,0.07609550785551979
Nott'ham Forest,Avg_Shot_Distance,20,18.700000000000003,19.080000000000002,6.402598156834047
Nott'ham Forest,Passes_Completed,22,417.0,491.59090909090907,380.56094676035036
Nott'ham Forest,Pass_Completion_Pct,22,77.35,74.10909090909091,8.799021000246025
Nott'ham Forest,Progressive_Passing_Distance,22,1997.0,3404.090909090909,3959.6248248093852
Nott'ham Forest,Short_Pass_Pct,22,88.35,86.25909090909092,8.020251693646355
Nott'ham Forest,Medium_Pass_Pct,22,82.1,78.44545454545454,12.123441569861072
Nott'ham Forest,Long_Pass_Pct,22,44.8,45.559090909090905,16.352854974005787
Nott'ham Forest,Key_Passes,22,11.0,15.136363636363637,16.23721608365135
Nott'ham Forest,Passes_Into_Final_Third,22,30.0,44.27272727272727,42.53198439962209
Nott'ham Forest,Passes_Into_Penalty_Area,22,7.0,10.954545454545455,11.672014853311776
Nott'ham Forest,Crosses_Into_Penalty_Area,22,1.0,2.909090909090909,4.0814223817204525
Nott'ham Forest,SCA,22,25.0,36.27272727272727,35.43361575596153
Nott'ham Forest,SCA90,22,1.775,1.880909090909091,1.2757403418852207
Nott'ham Forest,GCA,22,2.0,4.136363636363637,5.566014685618381
Nott'ham Forest,GCA90,22,0.14500000000000002,0.2109090909090909,0.22498484797466206
Nott'ham Forest,Tackles,22,23.5,31.636363636363637,29.027975758281467
Nott'ham Forest,Tackles_Won,22,14.0,18.954545454545453,17.87117197832274
Nott'ham Forest,Challenges,22,19.5,30.181818181818183,30.17036761875934
Nott'ham Forest,Challenges_Lost,22,8.5,14.681818181818182,15.734058791697903
Nott'ham Forest,Blocks,22,11.0,19.40909090909091,19.01042092895641
Nott'ham Forest,Blocked_Shots,22,4.5,7.136363636363637,10.246000169847719
Nott'ham Forest,Blocked_Passes,22,9.0,12.272727272727273,11.464985278921532
Nott'ham Forest,Interceptions,22,11.0,14.590909090909092,12.350666420843897
Nott'ham Forest,Touches,22,902.5,862.8636363636364,628.527629082032
Nott'ham Forest,Touches_Def_Pen,22,37.5,111.81818181818181,189.09222651888714
Nott'ham Forest,Touches_Def_3rd,22,160.5,294.09090909090907,316.5120789225841
Nott'ham Forest,Touches_Mid_3rd,22,283.0,349.3181818181818,295.01741455679337
Nott'ham Forest,Touches_Att_3rd,22,131.5,230.04545454545453,228.3440339389182
Nott'ham Forest,Touches_Att_Pen,22,23.0,35.68181818181818,35.91973375078485
Nott'ham Forest,Take_Ons_Attempted,22,13.0,26.363636363636363,29.482109917623017
Nott'ham Forest,Take_Ons_Success_Pct,18,45.099999999999994,48.47222222222222,24.338708109065706
Nott'ham Forest,Take_Ons_Tackled_Pct,18,40.65,40.383333333333326,21.93571490139526
Nott'ham Forest,Carries,22,400.0,398.3636363636364,304.2966199293592
Nott'ham Forest,Progressive_Carries_Distance,22,894.0,1206.909090909091,1085.4003829656554
Nott'ham Forest,Carries_Into_Final_Third,22,12.0,17.454545454545453,18.852124479819178
Nott'ham Forest,Carries_Into_Penalty_Area,22,2.0,8.5,13.889872981009272
Nott'ham Forest,Miscontrols,22,19.0,25.545454545454547,25.817541605378594
Nott'ham Forest,Dispossessed,22,11.0,14.727272727272727,15.156899476199008
Nott'ham Forest,Passes_Received,22,485.5,487.72727272727275,371.1395812151929
Nott'ham Forest,Fouls_Committed,22,13.5,18.227272727272727,15.023574548282182
Nott'ham Forest,Fouls_Drawn,22,10.0,19.045454545454547,18.458388911606594
Nott'ham Forest,Offsides,22,1.5,4.136363636363637,6.888883070332225
Nott'ham Forest,Crosses,22,8.0,28.227272727272727,44.12636812197854
Nott'ham Forest,Ball_Recoveries,22,50.0,72.0909090909091,58.68634066021309
Nott'ham Forest,Aerials_Won,22,14.0,25.90909090909091,28.52886439899254
Nott'ham Forest,Aerials_Lost,22,20.5,25.40909090909091,30.22244371152181
Nott'ham Forest,Aerials_Won_Pct,22,41.650000000000006,49.92272727272727,21.108042516407316
Southampton,Age,30,25.5,25.566666666666666,4.423162648613767
Southampton,Matches_Played,30,19.5,19.6,11.112589939902119
Southampton,Starts,30,13.0,13.9,10.476081130941521
Southampton,Minutes,30,1161.5,1244.5666666666666,907.7739230680174
Southampton,Goals,30,0.5,0.8333333333333334,1.0531834608931392
Southampton,Assists,30,0.0,0.5333333333333333,0.9371024061116424
Southampton,Yellow_Cards,30,2.0,2.8666666666666667,3.170264139254595
Southampton,Red_Cards,30,0.0,0.1,0.4025778999364487
Southampton,xG,30,0.6,1.1,1.4460409685616173
Southampton,xAG,30,0.6,0.8300000000000001,0.9311283477587825
Southampton,Progressive_Carries,30,11.0,20.933333333333334,27.145753885699847
Southampton,Progressive_Passes,30,22.5,37.2,41.34580827688541
Southampton,Progressive_Passes_Received,30,19.5,36.2,39.1569785034193
Southampton,Goals_Per90,30,0.015,0.05400000000000001,0.07946371976330262
Southampton,Assists_Per90,30,0.0,0.04066666666666666,0.09573430665787663
Southampton,xG_Per90,30,0.04,0.0813333333333333,0.0957271025411275
Southampton,xAG_Per90,30,0.035,0.06600000000000002,0.09072884953492487
Southampton,GA90,3,2.33,2.3766666666666665,0.20404247923737184
Southampton,Save_Pct,3,67.6,67.63333333333334,2.6501572280401264
Southampton,CS_Pct,3,0.0,3.3333333333333335,5.773502691896257
Southampton,PK_Save_Pct,2,14.3,14.3,20.22325394193526
Southampton,SoT_Pct,26,29.0,29.26153846153846,25.904054924634124
Southampton,SoT_Per90,30,0.13,0.23600000000000004,0.2862191106658409
Southampton,Goals_Per_Shot,26,0.05,0.07,0.09393614852653903
Southampton,Avg_Shot_Distance,26,17.450000000000003,17.084615384615383,6.060210709715781
Southampton,Passes_Completed,30,277.5,514.9,496.6365735695434
Southampton,Pass_Completion_Pct,30,80.1,80.32333333333334,8.628208881671048
Southampton,Progressive_Passing_Distance,30,1514.5,2824.133333333333,3871.2140725361983
Southampton,Short_Pass_Pct,30,90.4,89.43000000000002,7.15205058610514
Southampton,Medium_Pass_Pct,30,88.5,85.05666666666667,10.832985493973656
Southampton,Long_Pass_Pct,29,51.9,51.848275862068974,17.012235527274715
Southampton,Key_Passes,30,5.0,8.866666666666667,9.551072636397816
Southampton,Passes_Into_Final_Third,30,13.0,32.833333333333336,40.60413036008592
Southampton,Passes_Into_Penalty_Area,30,4.5,7.1,8.117031901905506
Southampton,Crosses_Into_Penalty_Area,30,1.0,1.9333333333333333,2.715642215697451
Southampton,SCA,30,14.5,20.3,20.473953175209953
Southampton,SCA90,30,1.3050000000000002,1.4656666666666665,1.0636686135917661
Southampton,GCA,30,1.0,1.4,1.940494071462036
Southampton,GCA90,30,0.055,0.11166666666666665,0.15842072603286989
Southampton,Tackles,30,16.5,21.433333333333334,20.207003451916048
Southampton,Tackles_Won,30,8.5,12.4,11.704994513100985
Southampton,Challenges,30,14.5,19.233333333333334,15.7451324352099
Southampton,Challenges_Lost,30,9.0,10.0,8.287922247005808
Southampton,Blocks,30,8.0,14.4,16.00129305119886
Southampton,Blocked_Shots,30,2.5,6.666666666666667,10.032132283862667
Southampton,Blocked_Passes,30,5.0,7.733333333333333,8.182965204632723
Southampton,Interceptions,30,5.0,10.066666666666666,12.722321771766653
Southampton,Touches,30,502.0,754.7,660.4503766370339
Southampton,Touches_Def_Pen,30,42.0,99.93333333333334,183.47149235166518
Southampton,Touches_Def_3rd,30,154.0,279.93333333333334,339.36105615815967
Southampton,Touches_Mid_3rd,30,216.0,324.73333333333335,319.46916459407595
Southampton,Touches_Att_3rd,30,125.5,156.66666666666666,152.5772463113489
Southampton,Touches_Att_Pen,30,16.0,22.4,21.258020798650612
Southampton,Take_Ons_Attempted,30,8.5,24.166666666666668,34.05986953356807
Southampton,Take_Ons_Success_Pct,27,42.9,47.87407407407407,26.509455389940115
Southampton,Take_Ons_Tackled_Pct,27,42.4,43.42962962962964,25.95264644597652
Southampton,Carries,30,274.0,418.8666666666667,375.1569541270494
Southampton,Progressive_Carries_Distance,30,581.5,1128.7333333333333,1155.2984666857465
Southampton,Carries_Into_Final_Third,30,9.5,15.233333333333333,19.17556515074783
Southampton,Carries_Into_Penalty_Area,30,1.5,5.3,7.909618762337236
Southampton,Miscontrols,30,9.5,15.933333333333334,16.712442883266252
Southampton,Dispossessed,30,5.0,11.766666666666667,14.12916605229528
Southampton,Passes_Received,30,384.0,509.6333333333333,451.57696738348426
Southampton,Fouls_Committed,30,11.5,15.166666666666666,14.113049313296548
Southampton,Fouls_Drawn,30,8.0,13.9,15.983504427787528
Southampton,Offsides,30,0.0,1.6,2.774265979342632
Southampton,Crosses,30,5.5,17.933333333333334,27.730144600059877
Southampton,Ball_Recoveries,30,23.0,47.8,45.53392066398942
Southampton,Aerials_Won,30,9.0,15.466666666666667,21.648816696711535
Southampton,Aerials_Lost,30,8.5,13.966666666666667,14.912349275668815
Southampton,Aerials_Won_Pct,30,53.55,53.36,22.579355844328855
Tottenham,Age,27,24.0,24.37037037037037,4.608922351500971
Tottenham,Matches_Played,27,24.0,21.037037037037038,9.30459556216704
Tottenham,Starts,27,16.0,15.444444444444445,8.172812967080048
Tottenham,Minutes,27,1408.0,1387.7777777777778,687.9796694968722
Tottenham,Goals,27,1.0,2.259259259259259,3.3234897390520173
Tottenham,Assists,27,1.0,1.7037037037037037,2.3828685817859694
Tottenham,Yellow_Cards,27,2.0,2.6666666666666665,2.511511956509924
Tottenham,Red_Cards,27,0.0,0.037037037037037035,0.19245008972987526
Tottenham,xG,27,0.7,2.2185185185185183,3.07546582300796
Tottenham,xAG,27,0.9,1.6666666666666667,2.081234840554631
Tottenham,Progressive_Carries,27,28.0,31.074074074074073,29.980668035259917
Tottenham,Progressive_Passes,27,49.0,58.96296296296296,47.73523249814985
Tottenham,Progressive_Passes_Received,27,34.0,58.51851851851852,70.17142217476064
Tottenham,Goals_Per90,27,0.05,0.1262962962962963,0.1844565437283712
Tottenham,Assists_Per90,27,0.07,0.1062962962962963,0.13734146519779838
Tottenham,xG_Per90,27,0.05,0.13592592592592592,0.16788868242561703
Tottenham,xAG_Per90,27,0.08,0.10148148148148149,0.11193073763935459
Tottenham,GA90,3,1.83,1.8366666666666667,0.30005555041247506
Tottenham,Save_Pct,3,65.6,66.43333333333334,2.26789182575654
Tottenham,CS_Pct,3,16.7,15.9,1.385640646055101
Tottenham,PK_Save_Pct,2,0.0,0.0,0.0
Tottenham,SoT_Pct,24,36.3,33.237500000000004,19.279992163538004
Tottenham,SoT_Per90,27,0.27,0.38037037037037036,0.37181965729350236
Tottenham,Goals_Per_Shot,24,0.055,0.07375,0.08015270751346538
Tottenham,Avg_Shot_Distance,24,16.799999999999997,16.654166666666665,4.499369923683196
Tottenham,Passes_Completed,27,716.0,610.1111111111111,380.2641119955903
Tottenham,Pass_Completion_Pct,27,84.8,79.9814814814815,8.725208264520639
Tottenham,Progressive_Passing_Distance,27,2867.0,3428.185185185185,2636.656143343993
Tottenham,Short_Pass_Pct,27,90.9,88.84814814814816,7.254567281288832
Tottenham,Medium_Pass_Pct,27,89.8,84.65925925925924,10.946417020379114
Tottenham,Long_Pass_Pct,27,54.1,53.94444444444445,14.55111239029071
Tottenham,Key_Passes,27,7.0,13.851851851851851,17.905099625318833
Tottenham,Passes_Into_Final_Third,27,43.0,46.44444444444444,39.66429641700972
Tottenham,Passes_Into_Penalty_Area,27,8.0,13.666666666666666,16.813456149534147
Tottenham,Crosses_Into_Penalty_Area,27,1.0,3.074074074074074,5.290964183804498
Tottenham,SCA,27,18.0,32.370370370370374,36.81465860658072
Tottenham,SCA90,27,1.51,1.831851851851852,1.4467923061752772
Tottenham,GCA,27,2.0,3.888888888888889,4.602117684228336
Tottenham,GCA90,27,0.2,0.2285185185185185,0.21857411528962864
Tottenham,Tackles,27,17.0,24.444444444444443,21.177515895099205
Tottenham,Tackles_Won,27,9.0,15.333333333333334,14.554935721127519
Tottenham,Challenges,27,17.0,22.14814814814815,17.975846409308634
Tottenham,Challenges_Lost,27,9.0,11.185185185185185,8.766356304018384
Tottenham,Blocks,27,15.0,16.59259259259259,12.182140961446736
Tottenham,Blocked_Shots,27,5.0,5.888888888888889,5.800088416655874
Tottenham,Blocked_Passes,27,9.0,10.703703703703704,9.218771880557354
Tottenham,Interceptions,27,10.0,11.925925925925926,11.572267665301341
Tottenham,Touches,27,928.0,898.1851851851852,522.1105126928469
Tottenham,Touches_Def_Pen,27,63.0,96.11111111111111,126.03275927415226
Tottenham,Touches_Def_3rd,27,234.0,300.3333333333333,243.0737463278298
Tottenham,Touches_Mid_3rd,27,408.0,376.3333333333333,265.1527861441399
Tottenham,Touches_Att_3rd,27,197.0,230.40740740740742,230.19143525791065
Tottenham,Touches_Att_Pen,27,24.0,37.03703703703704,43.30436243922553
Tottenham,Take_Ons_Attempted,27,19.0,30.074074074074073,30.276832887318474
Tottenham,Take_Ons_Success_Pct,26,39.05,43.8576923076923,25.27296061923768
Tottenham,Take_Ons_Tackled_Pct,26,49.7,43.465384615384615,23.279380443778006
Tottenham,Carries,27,620.0,556.7037037037037,310.4305713056296
Tottenham,Progressive_Carries_Distance,27,1611.0,1542.7037037037037,856.459205315916
Tottenham,Carries_Into_Final_Third,27,21.0,20.962962962962962,17.62969846044645
Tottenham,Carries_Into_Penalty_Area,27,5.0,9.222222222222221,12.63491296531265
Tottenham,Miscontrols,27,19.0,19.85185185185185,18.51548978081222
Tottenham,Dispossessed,27,15.0,15.74074074074074,16.890125910612785
Tottenham,Passes_Received,27,651.0,605.074074074074,341.99245672359564
Tottenham,Fouls_Committed,27,14.0,16.444444444444443,13.520165376017847
Tottenham,Fouls_Drawn,27,13.0,17.77777777777778,15.15898650289233
Tottenham,Offsides,27,1.0,2.2962962962962963,3.2794794945213113
Tottenham,Crosses,27,14.0,27.85185185185185,43.38885332193733
Tottenham,Ball_Recoveries,27,63.0,61.18518518518518,41.91111201747468
Tottenham,Aerials_Won,27,10.0,15.518518518518519,14.936713597890705
Tottenham,Aerials_Lost,27,12.0,16.185185185185187,14.902341161031444
Tottenham,Aerials_Won_Pct,27,50.0,50.05555555555556,23.608168946905668
West Ham,Age,25,27.0,27.28,5.095095681142799
West Ham,Matches_Played,25,23.0,23.48,9.238145557054908
West Ham,Starts,25,14.0,16.72,11.570508487817927
West Ham,Minutes,25,1160.0,1500.32,978.8316045163233
West Ham,Goals,25,0.0,1.72,3.1559467676119004
West Ham,Assists,25,1.0,1.16,1.8411952639521967
West Ham,Yellow_Cards,25,2.0,3.28,2.922898105191718
West Ham,Red_Cards,25,0.0,0.12,0.33166247903553997
West Ham,xG,25,1.5,1.9280000000000002,2.382491692885133
West Ham,xAG,25,1.2,1.3679999999999999,1.5164981591372495
West Ham,Progressive_Carries,25,12.0,25.28,32.626063201066714
West Ham,Progressive_Passes,25,38.0,48.88,44.45345880806127
West Ham,Progressive_Passes_Received,25,29.0,48.52,62.89748272652359
West Ham,Goals_Per90,25,0.0,0.08839999999999999,0.12518919016166424
West Ham,Assists_Per90,25,0.04,0.078,0.13444329659748752
West Ham,xG_Per90,25,0.08,0.1432,0.15865896339843732
West Ham,xAG_Per90,25,0.09,0.1024,0.09566782809980236
West Ham,GA90,2,1.63,1.63,0.0
West Ham,Save_Pct,2,69.44999999999999,69.44999999999999,7.283199846221438
West Ham,CS_Pct,2,17.7,17.7,3.2526911934581184
West Ham,PK_Save_Pct,1,0.0,0.0,0.0
West Ham,SoT_Pct,23,28.0,24.821739130434782,14.804113572116584
West Ham,SoT_Per90,25,0.3,0.4004,0.41453266859601473
West Ham,Goals_Per_Shot,23,0.04,0.05130434782608696,0.061148429536518834
West Ham,Avg_Shot_Distance,23,16.0,17.24782608695652,5.124262214319903
West Ham,Passes_Completed,25,570.0,591.48,445.23159890855305
West Ham,Pass_Completion_Pct,25,79.9,78.86,7.866543078125233
West Ham,Progressive_Passing_Distance,25,2842.0,3626.4,3353.298264395817
West Ham,Short_Pass_Pct,25,90.2,88.99600000000001,6.93087777028759
West Ham,Medium_Pass_Pct,25,86.2,83.47200000000001,10.581687011058303
West Ham,Long_Pass_Pct,25,54.2,54.635999999999996,15.8691755719487
West Ham,Key_Passes,25,9.0,13.16,12.91536552586363
West Ham,Passes_Into_Final_Third,25,43.0,42.92,36.15812495138541
West Ham,Passes_Into_Penalty_Area,25,5.0,10.64,13.428452380424682
West Ham,Crosses_Into_Penalty_Area,25,1.0,2.84,3.9123735336323224
West Ham,SCA,25,22.0,32.52,32.81275158633708
West Ham,SCA90,25,2.31,2.182,1.424845020812205
West Ham,GCA,25,1.0,2.68,3.848376280978772
West Ham,GCA90,25,0.09,0.14120000000000002,0.17020379940921804
West Ham,Tackles,25,21.0,26.16,22.08823216103996
West Ham,Tackles_Won,25,14.0,15.52,13.19760079206318
West Ham,Challenges,25,22.0,21.28,16.460862674841803
West Ham,Challenges_Lost,25,9.0,9.68,7.946277954698875
West Ham,Blocks,25,14.0,17.56,14.563310063306348
West Ham,Blocked_Shots,25,4.0,6.76,9.033640831174697
West Ham,Blocked_Passes,25,9.0,10.8,8.445906306213285
West Ham,Interceptions,25,8.0,13.2,15.864005379054392
West Ham,Touches,25,794.0,913.76,647.1347283732088
West Ham,Touches_Def_Pen,25,45.0,117.6,192.2920955213708
West Ham,Touches_Def_3rd,25,223.0,333.72,343.60169770632194
West Ham,Touches_Mid_3rd,25,409.0,392.96,312.0298436581561
West Ham,Touches_Att_3rd,25,133.0,195.56,200.8801632814948
West Ham,Touches_Att_Pen,25,24.0,33.48,42.07247714757634
West Ham,Take_Ons_Attempted,25,15.0,31.72,49.368951106270565
West Ham,Take_Ons_Success_Pct,24,47.35,49.12916666666667,20.010160009934662
West Ham,Take_Ons_Tackled_Pct,24,45.45,40.85,19.564942027047746
West Ham,Carries,25,367.0,470.96,348.52540318700824
West Ham,Progressive_Carries_Distance,25,845.0,1186.28,1003.7069011087517
West Ham,Carries_Into_Final_Third,25,10.0,15.76,17.770012192830183
West Ham,Carries_Into_Penalty_Area,25,2.0,7.0,14.2536545021502
West Ham,Miscontrols,25,14.0,19.64,20.6677687878171
West Ham,Dispossessed,25,7.0,15.68,23.497730386855096
West Ham,Passes_Received,25,539.0,587.24,424.9443375313995
West Ham,Fouls_Committed,25,17.0,17.72,15.150687553155247
West Ham,Fouls_Drawn,25,12.0,15.88,18.228457605257407
West Ham,Offsides,25,1.0,2.92,4.34856298103178
West Ham,Crosses,25,14.0,24.48,29.453522709516427
West Ham,Ball_Recoveries,25,52.0,62.04,50.49214460355854
West Ham,Aerials_Won,25,11.0,23.44,28.876287850068266
West Ham,Aerials_Lost,25,16.0,22.36,20.774343150466475
West Ham,Aerials_Won_Pct,25,50.0,51.864000000000004,17.32882665772075
Wolves,Age,24,26.5,26.708333333333332,3.9615452262608524
Wolves,Matches_Played,24,27.0,23.75,10.653637876331258
Wolves,Starts,24,15.5,17.333333333333332,11.860297916438132
Wolves,Minutes,24,1387.0,1558.4166666666667,966.0245706059928
Wolves,Goals,24,1.0,2.2083333333333335,3.977973775971737
Wolves,Assists,24,1.0,1.75,2.345207879911715
Wolves,Yellow_Cards,24,2.5,3.2916666666666665,2.9851686525317076
Wolves,Red_Cards,24,0.0,0.08333333333333333,0.28232985128663995
Wolves,xG,24,0.8,1.8333333333333333,2.587035682627591
Wolves,xAG,24,0.9,1.4666666666666668,1.9209749939903518
Wolves,Progressive_Carries,24,12.5,25.083333333333332,30.225121521914396
Wolves,Progressive_Passes,24,35.5,49.0,46.132135361843794
Wolves,Progressive_Passes_Received,24,31.5,48.458333333333336,52.73970467565554
Wolves,Goals_Per90,24,0.065,0.11333333333333333,0.15392450624636875
Wolves,Assists_Per90,24,0.03,0.09125000000000001,0.11847995611072785
Wolves,xG_Per90,24,0.07500000000000001,0.10583333333333333,0.11224649376403184
Wolves,xAG_Per90,24,0.05500000000000001,0.07416666666666667,0.07459552770523974
Wolves,GA90,3,2.0,2.03,0.38587562763149486
Wolves,Save_Pct,3,63.2,63.79999999999999,2.6514147167125715
Wolves,CS_Pct,3,24.1,24.7,25.005399416925936
Wolves,PK_Save_Pct,2,14.3,14.3,20.22325394193526
Wolves,SoT_Pct,21,28.6,30.433333333333334,16.480938484604973
Wolves,SoT_Per90,24,0.215,0.32916666666666666,0.3905393891693303
Wolves,Goals_Per_Shot,21,0.09,0.10095238095238096,0.11273441186721835
Wolves,Avg_Shot_Distance,21,18.3,17.790476190476188,5.227801140240968
Wolves,Passes_Completed,24,479.5,599.375,465.82081015548573
Wolves,Pass_Completion_Pct,24,80.6,77.97916666666667,8.460906476601496
Wolves,Progressive_Passing_Distance,24,3073.0,3474.0,2780.7080893651655
Wolves,Short_Pass_Pct,24,90.55000000000001,89.075,7.042927380497156
Wolves,Medium_Pass_Pct,24,87.1,85.57916666666667,9.43702141506555
Wolves,Long_Pass_Pct,24,54.0,52.70416666666666,15.032760722087483
Wolves,Key_Passes,24,9.5,13.333333333333334,14.290972117318367
Wolves,Passes_Into_Final_Third,24,27.0,41.875,36.94450891716433
Wolves,Passes_Into_Penalty_Area,24,4.5,11.291666666666666,13.665186381479755
Wolves,Crosses_Into_Penalty_Area,24,1.0,2.875,3.745286893289148
Wolves,SCA,24,21.5,31.25,31.658847242053085
Wolves,SCA90,24,1.73,1.7087500000000002,1.1159878155015073
Wolves,GCA,24,3.0,4.0,4.170288281141495
Wolves,GCA90,24,0.19,0.23875000000000002,0.21474580524323453
Wolves,Tackles,24,23.5,33.25,31.3247367177249
Wolves,Tackles_Won,24,12.5,19.625,19.85778239731543
Wolves,Challenges,24,20.5,27.625,25.72735390844606
Wolves,Challenges_Lost,24,8.5,12.166666666666666,13.61478309928512
Wolves,Blocks,24,15.0,18.166666666666668,13.353607773920505
Wolves,Blocked_Shots,24,4.0,5.708333333333333,6.188904283625985
Wolves,Blocked_Passes,24,10.5,12.458333333333334,10.902648926897921
Wolves,Interceptions,24,9.5,12.25,10.563472749136011
Wolves,Touches,24,772.5,924.5833333333334,647.8847801930502
Wolves,Touches_Def_Pen,24,56.0,107.29166666666667,160.19566274502827
Wolves,Touches_Def_3rd,24,242.5,323.6666666666667,281.9734286998575
Wolves,Touches_Mid_3rd,24,309.5,415.7916666666667,354.9303641642922
Wolves,Touches_Att_3rd,24,127.0,196.29166666666666,209.71584899296616
Wolves,Touches_Att_Pen,24,21.0,30.208333333333332,35.156765897986084
Wolves,Take_Ons_Attempted,24,15.0,30.25,38.311367367469636
Wolves,Take_Ons_Success_Pct,21,45.1,44.28571428571428,22.08980049059488
Wolves,Take_Ons_Tackled_Pct,21,43.1,43.31428571428572,22.439480513467455
Wolves,Carries,24,386.0,517.25,359.7955035125176
Wolves,Progressive_Carries_Distance,24,1047.0,1424.2916666666667,1052.269575279059
Wolves,Carries_Into_Final_Third,24,13.0,18.875,23.620758188324615
Wolves,Carries_Into_Penalty_Area,24,3.0,6.041666666666667,9.755618968024292
Wolves,Miscontrols,24,20.5,24.541666666666668,24.46644404195205
Wolves,Dispossessed,24,10.5,15.291666666666666,16.643262552931056
Wolves,Passes_Received,24,483.5,594.5416666666666,425.0269535357541
Wolves,Fouls_Committed,24,16.5,19.916666666666668,18.232595433231225
Wolves,Fouls_Drawn,24,9.5,17.541666666666668,18.615045730167623
Wolves,Offsides,24,1.0,2.5416666666666665,3.635323879676325
Wolves,Crosses,24,10.0,23.375,34.33949747676168
Wolves,Ball_Recoveries,24,42.5,68.83333333333333,57.006229001114754
Wolves,Aerials_Won,24,11.0,18.708333333333332,18.522557731791153
Wolves,Aerials_Lost,24,16.5,19.541666666666668,20.445003996228444
Wolves,Aerials_Won_Pct,24,41.2,49.2125,24.667974529565743
